/Users/for_everyoung10/Documents/lol-win-probability/venv/lib/python3.9/site-packages/urllib3/__init__.py:35: NotOpenSSLWarning: urllib3 v2 only supports OpenSSL 1.1.1+, currently the 'ssl' module is compiled with 'LibreSSL 2.8.3'. See: https://github.com/urllib3/urllib3/issues/3020
  warnings.warn(
Resuming from checkpoint: 1200 matches, 65 puuids processed
Checkpoint: 1300 matches collected
Checkpoint: 1400 matches collected
Checkpoint: 1500 matches collected
Request error: HTTPSConnectionPool(host='asia.api.riotgames.com', port=443): Read timed out. (read timeout=10)
Request error: HTTPSConnectionPool(host='asia.api.riotgames.com', port=443): Max retries exceeded with url: /lol/match/v5/matches/KR_8301853805 (Caused by NameResolutionError("HTTPSConnection(host='asia.api.riotgames.com', port=443): Failed to resolve 'asia.api.riotgames.com' ([Errno 8] nodename nor servname provided, or not known)"))
Request error: HTTPSConnectionPool(host='asia.api.riotgames.com', port=443): Max retries exceeded with url: /lol/match/v5/matches/KR_8301853805 (Caused by NameResolutionError("HTTPSConnection(host='asia.api.riotgames.com', port=443): Failed to resolve 'asia.api.riotgames.com' ([Errno 8] nodename nor servname provided, or not known)"))
Checkpoint: 1600 matches collected
Checkpoint: 1700 matches collected
Checkpoint: 1800 matches collected
Checkpoint: 1900 matches collected
Checkpoint: 2000 matches collected
Request error: HTTPSConnectionPool(host='asia.api.riotgames.com', port=443): Read timed out. (read timeout=10)
Request error: HTTPSConnectionPool(host='asia.api.riotgames.com', port=443): Read timed out. (read timeout=10)
Request error: HTTPSConnectionPool(host='asia.api.riotgames.com', port=443): Read timed out. (read timeout=10)
Request error: HTTPSConnectionPool(host='asia.api.riotgames.com', port=443): Read timed out.
Request error: HTTPSConnectionPool(host='asia.api.riotgames.com', port=443): Read timed out.
Request error: HTTPSConnectionPool(host='asia.api.riotgames.com', port=443): Read timed out.
Request error: HTTPSConnectionPool(host='asia.api.riotgames.com', port=443): Read timed out. (read timeout=10)
Request error: HTTPSConnectionPool(host='asia.api.riotgames.com', port=443): Read timed out.
Request error: HTTPSConnectionPool(host='asia.api.riotgames.com', port=443): Read timed out.
Request error: HTTPSConnectionPool(host='asia.api.riotgames.com', port=443): Read timed out. (read timeout=10)
Request error: HTTPSConnectionPool(host='asia.api.riotgames.com', port=443): Read timed out.
Request error: HTTPSConnectionPool(host='asia.api.riotgames.com', port=443): Read timed out. (read timeout=10)
Request error: HTTPSConnectionPool(host='asia.api.riotgames.com', port=443): Read timed out.
Request error: HTTPSConnectionPool(host='asia.api.riotgames.com', port=443): Read timed out. (read timeout=10)
Request error: HTTPSConnectionPool(host='asia.api.riotgames.com', port=443): Read timed out.
Request error: HTTPSConnectionPool(host='asia.api.riotgames.com', port=443): Read timed out.
Request error: HTTPSConnectionPool(host='asia.api.riotgames.com', port=443): Read timed out.
Request error: HTTPSConnectionPool(host='asia.api.riotgames.com', port=443): Read timed out.
Request error: HTTPSConnectionPool(host='asia.api.riotgames.com', port=443): Read timed out. (read timeout=10)
Request error: HTTPSConnectionPool(host='asia.api.riotgames.com', port=443): Read timed out. (read timeout=10)
Request error: HTTPSConnectionPool(host='asia.api.riotgames.com', port=443): Read timed out.
Request error: HTTPSConnectionPool(host='asia.api.riotgames.com', port=443): Read timed out.
Request error: HTTPSConnectionPool(host='asia.api.riotgames.com', port=443): Read timed out.
Request error: HTTPSConnectionPool(host='asia.api.riotgames.com', port=443): Read timed out.
Request error: HTTPSConnectionPool(host='asia.api.riotgames.com', port=443): Read timed out. (read timeout=10)
Request error: HTTPSConnectionPool(host='asia.api.riotgames.com', port=443): Read timed out.
Request error: HTTPSConnectionPool(host='asia.api.riotgames.com', port=443): Read timed out.
Request error: HTTPSConnectionPool(host='asia.api.riotgames.com', port=443): Read timed out.
Request error: HTTPSConnectionPool(host='asia.api.riotgames.com', port=443): Read timed out. (read timeout=10)
Request error: HTTPSConnectionPool(host='asia.api.riotgames.com', port=443): Read timed out.
Request error: HTTPSConnectionPool(host='asia.api.riotgames.com', port=443): Read timed out. (read timeout=10)
Checkpoint: 2100 matches collected
Rate limited, waiting 22s (attempt 1/5)
Checkpoint: 2200 matches collected
Rate limited, waiting 53s (attempt 1/5)
Rate limited, waiting 58s (attempt 1/5)
Checkpoint: 2300 matches collected
Rate limited, waiting 63s (attempt 1/5)
Rate limited, waiting 65s (attempt 1/5)
Checkpoint: 2400 matches collected
Rate limited, waiting 70s (attempt 1/5)
Rate limited, waiting 65s (attempt 1/5)
Checkpoint: 2500 matches collected
Rate limited, waiting 70s (attempt 1/5)
Rate limited, waiting 67s (attempt 1/5)
Checkpoint: 2600 matches collected
Rate limited, waiting 73s (attempt 1/5)
Rate limited, waiting 67s (attempt 1/5)
Checkpoint: 2700 matches collected
Rate limited, waiting 69s (attempt 1/5)
Rate limited, waiting 74s (attempt 1/5)
Rate limited, waiting 69s (attempt 1/5)
Checkpoint: 2800 matches collected
Rate limited, waiting 70s (attempt 1/5)
Rate limited, waiting 67s (attempt 1/5)
Checkpoint: 2900 matches collected
Rate limited, waiting 64s (attempt 1/5)
Rate limited, waiting 70s (attempt 1/5)
Checkpoint: 3000 matches collected
Rate limited, waiting 71s (attempt 1/5)
Rate limited, waiting 72s (attempt 1/5)
Checkpoint: 3100 matches collected
Rate limited, waiting 66s (attempt 1/5)
Rate limited, waiting 66s (attempt 1/5)
Checkpoint: 3200 matches collected
Rate limited, waiting 59s (attempt 1/5)
Rate limited, waiting 63s (attempt 1/5)
Checkpoint: 3300 matches collected
Rate limited, waiting 67s (attempt 1/5)
Rate limited, waiting 54s (attempt 1/5)
Checkpoint: 3400 matches collected
Request error: HTTPSConnectionPool(host='asia.api.riotgames.com', port=443): Read timed out.
Rate limited, waiting 36s (attempt 1/5)
Checkpoint: 3500 matches collected
Rate limited, waiting 42s (attempt 1/5)
Rate limited, waiting 53s (attempt 1/5)
Checkpoint: 3600 matches collected
Rate limited, waiting 58s (attempt 1/5)
Rate limited, waiting 59s (attempt 1/5)
Checkpoint: 3700 matches collected
Rate limited, waiting 62s (attempt 1/5)
Rate limited, waiting 60s (attempt 1/5)
Checkpoint: 3800 matches collected
Rate limited, waiting 47s (attempt 1/5)
Request error: HTTPSConnectionPool(host='asia.api.riotgames.com', port=443): Read timed out. (read timeout=10)
Request error: HTTPSConnectionPool(host='asia.api.riotgames.com', port=443): Read timed out.
Request error: HTTPSConnectionPool(host='asia.api.riotgames.com', port=443): Read timed out.
Request error: HTTPSConnectionPool(host='asia.api.riotgames.com', port=443): Read timed out.
Request error: HTTPSConnectionPool(host='asia.api.riotgames.com', port=443): Read timed out.
Request error: HTTPSConnectionPool(host='asia.api.riotgames.com', port=443): Read timed out. (read timeout=10)
Request error: HTTPSConnectionPool(host='asia.api.riotgames.com', port=443): Read timed out. (read timeout=10)
Request error: HTTPSConnectionPool(host='asia.api.riotgames.com', port=443): Read timed out. (read timeout=10)
Request error: HTTPSConnectionPool(host='asia.api.riotgames.com', port=443): Read timed out. (read timeout=10)
Request error: HTTPSConnectionPool(host='asia.api.riotgames.com', port=443): Read timed out.
Request error: HTTPSConnectionPool(host='asia.api.riotgames.com', port=443): Read timed out.
Request error: HTTPSConnectionPool(host='asia.api.riotgames.com', port=443): Read timed out.
Request error: HTTPSConnectionPool(host='asia.api.riotgames.com', port=443): Read timed out.
Request error: HTTPSConnectionPool(host='asia.api.riotgames.com', port=443): Read timed out. (read timeout=10)
Request error: HTTPSConnectionPool(host='asia.api.riotgames.com', port=443): Read timed out. (read timeout=10)
Request error: HTTPSConnectionPool(host='asia.api.riotgames.com', port=443): Read timed out.
Request error: HTTPSConnectionPool(host='asia.api.riotgames.com', port=443): Read timed out. (read timeout=10)
Request error: HTTPSConnectionPool(host='asia.api.riotgames.com', port=443): Read timed out. (read timeout=10)
Request error: HTTPSConnectionPool(host='asia.api.riotgames.com', port=443): Read timed out.
Request error: HTTPSConnectionPool(host='asia.api.riotgames.com', port=443): Read timed out.
Request error: HTTPSConnectionPool(host='asia.api.riotgames.com', port=443): Read timed out.
Request error: HTTPSConnectionPool(host='asia.api.riotgames.com', port=443): Read timed out. (read timeout=10)
Request error: HTTPSConnectionPool(host='asia.api.riotgames.com', port=443): Read timed out. (read timeout=10)
Request error: HTTPSConnectionPool(host='asia.api.riotgames.com', port=443): Read timed out.
Request error: HTTPSConnectionPool(host='asia.api.riotgames.com', port=443): Read timed out.
Request error: HTTPSConnectionPool(host='asia.api.riotgames.com', port=443): Read timed out.
Request error: HTTPSConnectionPool(host='asia.api.riotgames.com', port=443): Read timed out. (read timeout=10)
Request error: HTTPSConnectionPool(host='asia.api.riotgames.com', port=443): Read timed out.
Request error: HTTPSConnectionPool(host='asia.api.riotgames.com', port=443): Read timed out.
Request error: HTTPSConnectionPool(host='asia.api.riotgames.com', port=443): Read timed out. (read timeout=10)
Request error: HTTPSConnectionPool(host='asia.api.riotgames.com', port=443): Read timed out. (read timeout=10)
Request error: HTTPSConnectionPool(host='asia.api.riotgames.com', port=443): Read timed out.
Request error: HTTPSConnectionPool(host='asia.api.riotgames.com', port=443): Read timed out.
Request error: HTTPSConnectionPool(host='asia.api.riotgames.com', port=443): Read timed out. (read timeout=10)
Request error: HTTPSConnectionPool(host='asia.api.riotgames.com', port=443): Read timed out.
Request error: HTTPSConnectionPool(host='asia.api.riotgames.com', port=443): Read timed out. (read timeout=10)
Request error: HTTPSConnectionPool(host='asia.api.riotgames.com', port=443): Read timed out. (read timeout=10)
Request error: HTTPSConnectionPool(host='asia.api.riotgames.com', port=443): Read timed out.
Request error: HTTPSConnectionPool(host='asia.api.riotgames.com', port=443): Read timed out. (read timeout=10)
Request error: HTTPSConnectionPool(host='asia.api.riotgames.com', port=443): Read timed out. (read timeout=10)
Request error: HTTPSConnectionPool(host='asia.api.riotgames.com', port=443): Read timed out.
Request error: HTTPSConnectionPool(host='asia.api.riotgames.com', port=443): Read timed out. (read timeout=10)
Request error: HTTPSConnectionPool(host='asia.api.riotgames.com', port=443): Read timed out. (read timeout=10)
Request error: HTTPSConnectionPool(host='asia.api.riotgames.com', port=443): Read timed out. (read timeout=10)
Request error: HTTPSConnectionPool(host='asia.api.riotgames.com', port=443): Read timed out. (read timeout=10)
Request error: HTTPSConnectionPool(host='asia.api.riotgames.com', port=443): Read timed out. (read timeout=10)
Request error: HTTPSConnectionPool(host='asia.api.riotgames.com', port=443): Read timed out. (read timeout=10)
Request error: HTTPSConnectionPool(host='asia.api.riotgames.com', port=443): Read timed out. (read timeout=10)
Request error: HTTPSConnectionPool(host='asia.api.riotgames.com', port=443): Read timed out. (read timeout=10)
Request error: HTTPSConnectionPool(host='asia.api.riotgames.com', port=443): Read timed out.
Request error: HTTPSConnectionPool(host='asia.api.riotgames.com', port=443): Read timed out. (read timeout=10)
Checkpoint: 3900 matches collected
Request error: HTTPSConnectionPool(host='asia.api.riotgames.com', port=443): Read timed out. (read timeout=10)
Request error: HTTPSConnectionPool(host='asia.api.riotgames.com', port=443): Read timed out.
Request error: HTTPSConnectionPool(host='asia.api.riotgames.com', port=443): Read timed out. (read timeout=10)
Request error: HTTPSConnectionPool(host='asia.api.riotgames.com', port=443): Read timed out. (read timeout=10)
Request error: HTTPSConnectionPool(host='asia.api.riotgames.com', port=443): Read timed out. (read timeout=10)
Request error: HTTPSConnectionPool(host='asia.api.riotgames.com', port=443): Read timed out. (read timeout=10)
Request error: HTTPSConnectionPool(host='asia.api.riotgames.com', port=443): Read timed out.
Request error: HTTPSConnectionPool(host='asia.api.riotgames.com', port=443): Read timed out.
Request error: HTTPSConnectionPool(host='asia.api.riotgames.com', port=443): Read timed out.
Request error: HTTPSConnectionPool(host='asia.api.riotgames.com', port=443): Read timed out. (read timeout=10)
Request error: HTTPSConnectionPool(host='asia.api.riotgames.com', port=443): Read timed out. (read timeout=10)
Request error: HTTPSConnectionPool(host='asia.api.riotgames.com', port=443): Read timed out.
Request error: HTTPSConnectionPool(host='asia.api.riotgames.com', port=443): Read timed out. (read timeout=10)
Request error: HTTPSConnectionPool(host='asia.api.riotgames.com', port=443): Read timed out. (read timeout=10)
Request error: HTTPSConnectionPool(host='asia.api.riotgames.com', port=443): Read timed out.
Request error: HTTPSConnectionPool(host='asia.api.riotgames.com', port=443): Read timed out.
Request error: HTTPSConnectionPool(host='asia.api.riotgames.com', port=443): Read timed out.
Request error: HTTPSConnectionPool(host='asia.api.riotgames.com', port=443): Read timed out. (read timeout=10)
Request error: HTTPSConnectionPool(host='asia.api.riotgames.com', port=443): Read timed out.
Request error: HTTPSConnectionPool(host='asia.api.riotgames.com', port=443): Read timed out.
Request error: HTTPSConnectionPool(host='asia.api.riotgames.com', port=443): Read timed out.
Request error: HTTPSConnectionPool(host='asia.api.riotgames.com', port=443): Read timed out.
Request error: HTTPSConnectionPool(host='asia.api.riotgames.com', port=443): Read timed out. (read timeout=10)
Request error: HTTPSConnectionPool(host='asia.api.riotgames.com', port=443): Read timed out. (read timeout=10)
Request error: HTTPSConnectionPool(host='asia.api.riotgames.com', port=443): Read timed out.
Max retries exceeded for https://asia.api.riotgames.com/lol/match/v5/matches/KR_8294942719/timeline
Skipping KR_8294942719 — timeline fetch failed
Request error: HTTPSConnectionPool(host='asia.api.riotgames.com', port=443): Read timed out. (read timeout=10)
Request error: HTTPSConnectionPool(host='asia.api.riotgames.com', port=443): Read timed out.
Request error: HTTPSConnectionPool(host='asia.api.riotgames.com', port=443): Read timed out.
Request error: HTTPSConnectionPool(host='asia.api.riotgames.com', port=443): Read timed out.
Request error: HTTPSConnectionPool(host='asia.api.riotgames.com', port=443): Read timed out. (read timeout=10)
Request error: HTTPSConnectionPool(host='asia.api.riotgames.com', port=443): Read timed out. (read timeout=10)
Request error: HTTPSConnectionPool(host='asia.api.riotgames.com', port=443): Read timed out. (read timeout=10)
Request error: HTTPSConnectionPool(host='asia.api.riotgames.com', port=443): Read timed out. (read timeout=10)
Request error: HTTPSConnectionPool(host='asia.api.riotgames.com', port=443): Read timed out.
Request error: HTTPSConnectionPool(host='asia.api.riotgames.com', port=443): Read timed out.
Request error: HTTPSConnectionPool(host='asia.api.riotgames.com', port=443): Read timed out.
Request error: HTTPSConnectionPool(host='asia.api.riotgames.com', port=443): Read timed out.
Request error: HTTPSConnectionPool(host='asia.api.riotgames.com', port=443): Read timed out. (read timeout=10)
Request error: HTTPSConnectionPool(host='asia.api.riotgames.com', port=443): Read timed out. (read timeout=10)
Max retries exceeded for https://asia.api.riotgames.com/lol/match/v5/matches/KR_8279018741/timeline
Skipping KR_8279018741 — timeline fetch failed
Request error: HTTPSConnectionPool(host='asia.api.riotgames.com', port=443): Read timed out. (read timeout=10)
Request error: HTTPSConnectionPool(host='asia.api.riotgames.com', port=443): Read timed out.
Request error: HTTPSConnectionPool(host='asia.api.riotgames.com', port=443): Read timed out. (read timeout=10)
Request error: HTTPSConnectionPool(host='asia.api.riotgames.com', port=443): Read timed out. (read timeout=10)
Request error: HTTPSConnectionPool(host='asia.api.riotgames.com', port=443): Read timed out.
Request error: HTTPSConnectionPool(host='asia.api.riotgames.com', port=443): Read timed out.
Request error: HTTPSConnectionPool(host='asia.api.riotgames.com', port=443): Read timed out. (read timeout=10)
Request error: HTTPSConnectionPool(host='asia.api.riotgames.com', port=443): Read timed out.
Request error: HTTPSConnectionPool(host='asia.api.riotgames.com', port=443): Read timed out. (read timeout=10)
Request error: HTTPSConnectionPool(host='asia.api.riotgames.com', port=443): Read timed out.
Request error: HTTPSConnectionPool(host='asia.api.riotgames.com', port=443): Read timed out.
Request error: HTTPSConnectionPool(host='asia.api.riotgames.com', port=443): Read timed out. (read timeout=10)
Request error: HTTPSConnectionPool(host='asia.api.riotgames.com', port=443): Read timed out.
Checkpoint: 4000 matches collected
Rate limited, waiting 55s (attempt 1/5)
Rate limited, waiting 61s (attempt 1/5)
Checkpoint: 4100 matches collected
Request error: HTTPSConnectionPool(host='asia.api.riotgames.com', port=443): Read timed out.
Rate limited, waiting 38s (attempt 1/5)
Request error: HTTPSConnectionPool(host='asia.api.riotgames.com', port=443): Read timed out. (read timeout=10)
Request error: HTTPSConnectionPool(host='asia.api.riotgames.com', port=443): Read timed out.
Request error: HTTPSConnectionPool(host='asia.api.riotgames.com', port=443): Read timed out. (read timeout=10)
Request error: HTTPSConnectionPool(host='asia.api.riotgames.com', port=443): Read timed out. (read timeout=10)
Request error: HTTPSConnectionPool(host='asia.api.riotgames.com', port=443): Read timed out. (read timeout=10)
Request error: HTTPSConnectionPool(host='asia.api.riotgames.com', port=443): Read timed out. (read timeout=10)
Request error: HTTPSConnectionPool(host='asia.api.riotgames.com', port=443): Read timed out. (read timeout=10)
Request error: HTTPSConnectionPool(host='asia.api.riotgames.com', port=443): Read timed out. (read timeout=10)
Request error: HTTPSConnectionPool(host='asia.api.riotgames.com', port=443): Read timed out. (read timeout=10)
Request error: HTTPSConnectionPool(host='asia.api.riotgames.com', port=443): Read timed out. (read timeout=10)
Request error: HTTPSConnectionPool(host='asia.api.riotgames.com', port=443): Read timed out.
Request error: HTTPSConnectionPool(host='asia.api.riotgames.com', port=443): Read timed out.
Request error: HTTPSConnectionPool(host='asia.api.riotgames.com', port=443): Read timed out.
Checkpoint: 4200 matches collected
Request error: HTTPSConnectionPool(host='asia.api.riotgames.com', port=443): Read timed out. (read timeout=10)
Request error: HTTPSConnectionPool(host='asia.api.riotgames.com', port=443): Read timed out.
Request error: HTTPSConnectionPool(host='asia.api.riotgames.com', port=443): Read timed out.
Request error: HTTPSConnectionPool(host='asia.api.riotgames.com', port=443): Read timed out.
Request error: HTTPSConnectionPool(host='asia.api.riotgames.com', port=443): Read timed out. (read timeout=10)
Request error: HTTPSConnectionPool(host='asia.api.riotgames.com', port=443): Read timed out. (read timeout=10)
Request error: HTTPSConnectionPool(host='asia.api.riotgames.com', port=443): Read timed out.
Request error: HTTPSConnectionPool(host='asia.api.riotgames.com', port=443): Read timed out. (read timeout=10)
Request error: HTTPSConnectionPool(host='asia.api.riotgames.com', port=443): Read timed out. (read timeout=10)
Request error: HTTPSConnectionPool(host='asia.api.riotgames.com', port=443): Read timed out. (read timeout=10)
Request error: HTTPSConnectionPool(host='asia.api.riotgames.com', port=443): Read timed out.
Request error: HTTPSConnectionPool(host='asia.api.riotgames.com', port=443): Read timed out.
Request error: HTTPSConnectionPool(host='asia.api.riotgames.com', port=443): Read timed out. (read timeout=10)
Request error: HTTPSConnectionPool(host='asia.api.riotgames.com', port=443): Read timed out.
Request error: HTTPSConnectionPool(host='asia.api.riotgames.com', port=443): Read timed out. (read timeout=10)
Request error: HTTPSConnectionPool(host='asia.api.riotgames.com', port=443): Read timed out. (read timeout=10)
Request error: HTTPSConnectionPool(host='asia.api.riotgames.com', port=443): Read timed out. (read timeout=10)
Request error: HTTPSConnectionPool(host='asia.api.riotgames.com', port=443): Read timed out.
Request error: HTTPSConnectionPool(host='asia.api.riotgames.com', port=443): Read timed out. (read timeout=10)
Request error: HTTPSConnectionPool(host='asia.api.riotgames.com', port=443): Read timed out.
Request error: HTTPSConnectionPool(host='asia.api.riotgames.com', port=443): Read timed out.
Request error: HTTPSConnectionPool(host='asia.api.riotgames.com', port=443): Read timed out.
Request error: HTTPSConnectionPool(host='asia.api.riotgames.com', port=443): Read timed out. (read timeout=10)
Request error: HTTPSConnectionPool(host='asia.api.riotgames.com', port=443): Read timed out. (read timeout=10)
Request error: HTTPSConnectionPool(host='asia.api.riotgames.com', port=443): Read timed out. (read timeout=10)
Request error: HTTPSConnectionPool(host='asia.api.riotgames.com', port=443): Read timed out. (read timeout=10)
Request error: HTTPSConnectionPool(host='asia.api.riotgames.com', port=443): Read timed out.
Request error: HTTPSConnectionPool(host='asia.api.riotgames.com', port=443): Read timed out.
Request error: HTTPSConnectionPool(host='asia.api.riotgames.com', port=443): Read timed out.
Max retries exceeded for https://asia.api.riotgames.com/lol/match/v5/matches/KR_8300509458/timeline
Skipping KR_8300509458 — timeline fetch failed
Request error: HTTPSConnectionPool(host='asia.api.riotgames.com', port=443): Read timed out. (read timeout=10)
Request error: HTTPSConnectionPool(host='asia.api.riotgames.com', port=443): Read timed out. (read timeout=10)
Request error: HTTPSConnectionPool(host='asia.api.riotgames.com', port=443): Read timed out.
Request error: HTTPSConnectionPool(host='asia.api.riotgames.com', port=443): Read timed out. (read timeout=10)
Request error: HTTPSConnectionPool(host='asia.api.riotgames.com', port=443): Read timed out.
Request error: HTTPSConnectionPool(host='asia.api.riotgames.com', port=443): Read timed out.
Request error: HTTPSConnectionPool(host='asia.api.riotgames.com', port=443): Read timed out. (read timeout=10)
Request error: HTTPSConnectionPool(host='asia.api.riotgames.com', port=443): Read timed out.
Request error: HTTPSConnectionPool(host='asia.api.riotgames.com', port=443): Read timed out. (read timeout=10)
Request error: HTTPSConnectionPool(host='asia.api.riotgames.com', port=443): Read timed out. (read timeout=10)
Request error: HTTPSConnectionPool(host='asia.api.riotgames.com', port=443): Read timed out. (read timeout=10)
Request error: HTTPSConnectionPool(host='asia.api.riotgames.com', port=443): Read timed out. (read timeout=10)
Request error: HTTPSConnectionPool(host='asia.api.riotgames.com', port=443): Read timed out.
Request error: HTTPSConnectionPool(host='asia.api.riotgames.com', port=443): Read timed out.
Request error: HTTPSConnectionPool(host='asia.api.riotgames.com', port=443): Read timed out.
Request error: HTTPSConnectionPool(host='asia.api.riotgames.com', port=443): Read timed out. (read timeout=10)
Request error: HTTPSConnectionPool(host='asia.api.riotgames.com', port=443): Read timed out.
Request error: HTTPSConnectionPool(host='asia.api.riotgames.com', port=443): Read timed out.
Request error: HTTPSConnectionPool(host='asia.api.riotgames.com', port=443): Read timed out.
Request error: HTTPSConnectionPool(host='asia.api.riotgames.com', port=443): Read timed out.
Request error: HTTPSConnectionPool(host='asia.api.riotgames.com', port=443): Read timed out. (read timeout=10)
Request error: HTTPSConnectionPool(host='asia.api.riotgames.com', port=443): Read timed out.
Request error: HTTPSConnectionPool(host='asia.api.riotgames.com', port=443): Read timed out. (read timeout=10)
Request error: HTTPSConnectionPool(host='asia.api.riotgames.com', port=443): Read timed out. (read timeout=10)
Request error: HTTPSConnectionPool(host='asia.api.riotgames.com', port=443): Read timed out. (read timeout=10)
Request error: HTTPSConnectionPool(host='asia.api.riotgames.com', port=443): Read timed out.
Request error: HTTPSConnectionPool(host='asia.api.riotgames.com', port=443): Read timed out.
Request error: HTTPSConnectionPool(host='asia.api.riotgames.com', port=443): Read timed out.
Request error: HTTPSConnectionPool(host='asia.api.riotgames.com', port=443): Read timed out.
Request error: HTTPSConnectionPool(host='asia.api.riotgames.com', port=443): Read timed out.
Request error: HTTPSConnectionPool(host='asia.api.riotgames.com', port=443): Read timed out. (read timeout=10)
Request error: HTTPSConnectionPool(host='asia.api.riotgames.com', port=443): Read timed out.
Request error: HTTPSConnectionPool(host='asia.api.riotgames.com', port=443): Read timed out.
Request error: HTTPSConnectionPool(host='asia.api.riotgames.com', port=443): Read timed out.
Request error: HTTPSConnectionPool(host='asia.api.riotgames.com', port=443): Read timed out. (read timeout=10)
Request error: HTTPSConnectionPool(host='asia.api.riotgames.com', port=443): Read timed out. (read timeout=10)
Request error: HTTPSConnectionPool(host='asia.api.riotgames.com', port=443): Read timed out.
Request error: HTTPSConnectionPool(host='asia.api.riotgames.com', port=443): Read timed out.
Request error: HTTPSConnectionPool(host='asia.api.riotgames.com', port=443): Read timed out.
Request error: HTTPSConnectionPool(host='asia.api.riotgames.com', port=443): Read timed out. (read timeout=10)
Request error: HTTPSConnectionPool(host='asia.api.riotgames.com', port=443): Read timed out.
Request error: HTTPSConnectionPool(host='asia.api.riotgames.com', port=443): Read timed out. (read timeout=10)
Request error: HTTPSConnectionPool(host='asia.api.riotgames.com', port=443): Read timed out. (read timeout=10)
Request error: HTTPSConnectionPool(host='asia.api.riotgames.com', port=443): Read timed out.
Request error: HTTPSConnectionPool(host='asia.api.riotgames.com', port=443): Read timed out.
Request error: HTTPSConnectionPool(host='asia.api.riotgames.com', port=443): Read timed out. (read timeout=10)
Request error: HTTPSConnectionPool(host='asia.api.riotgames.com', port=443): Read timed out. (read timeout=10)
Request error: HTTPSConnectionPool(host='asia.api.riotgames.com', port=443): Read timed out.
Request error: HTTPSConnectionPool(host='asia.api.riotgames.com', port=443): Read timed out.
Max retries exceeded for https://asia.api.riotgames.com/lol/match/v5/matches/KR_8301733195/timeline
Skipping KR_8301733195 — timeline fetch failed
Request error: HTTPSConnectionPool(host='asia.api.riotgames.com', port=443): Read timed out.
Request error: HTTPSConnectionPool(host='asia.api.riotgames.com', port=443): Read timed out.
Request error: HTTPSConnectionPool(host='asia.api.riotgames.com', port=443): Read timed out. (read timeout=10)
Request error: HTTPSConnectionPool(host='asia.api.riotgames.com', port=443): Read timed out.
Request error: HTTPSConnectionPool(host='asia.api.riotgames.com', port=443): Read timed out.
Request error: HTTPSConnectionPool(host='asia.api.riotgames.com', port=443): Read timed out. (read timeout=10)
Request error: HTTPSConnectionPool(host='asia.api.riotgames.com', port=443): Read timed out.
Request error: HTTPSConnectionPool(host='asia.api.riotgames.com', port=443): Read timed out.
Request error: HTTPSConnectionPool(host='asia.api.riotgames.com', port=443): Read timed out.
Max retries exceeded for https://asia.api.riotgames.com/lol/match/v5/matches/KR_8300496892/timeline
Skipping KR_8300496892 — timeline fetch failed
Request error: HTTPSConnectionPool(host='asia.api.riotgames.com', port=443): Read timed out. (read timeout=10)
Request error: HTTPSConnectionPool(host='asia.api.riotgames.com', port=443): Read timed out. (read timeout=10)
Request error: HTTPSConnectionPool(host='asia.api.riotgames.com', port=443): Read timed out.
Request error: HTTPSConnectionPool(host='asia.api.riotgames.com', port=443): Read timed out.
Request error: HTTPSConnectionPool(host='asia.api.riotgames.com', port=443): Read timed out. (read timeout=10)
Request error: HTTPSConnectionPool(host='asia.api.riotgames.com', port=443): Read timed out.
Request error: HTTPSConnectionPool(host='asia.api.riotgames.com', port=443): Read timed out. (read timeout=10)
Request error: HTTPSConnectionPool(host='asia.api.riotgames.com', port=443): Read timed out. (read timeout=10)
Request error: HTTPSConnectionPool(host='asia.api.riotgames.com', port=443): Read timed out. (read timeout=10)
Request error: HTTPSConnectionPool(host='asia.api.riotgames.com', port=443): Read timed out.
Request error: HTTPSConnectionPool(host='asia.api.riotgames.com', port=443): Read timed out. (read timeout=10)
Request error: HTTPSConnectionPool(host='asia.api.riotgames.com', port=443): Read timed out. (read timeout=10)
Request error: HTTPSConnectionPool(host='asia.api.riotgames.com', port=443): Read timed out. (read timeout=10)
Request error: HTTPSConnectionPool(host='asia.api.riotgames.com', port=443): Read timed out.
Request error: HTTPSConnectionPool(host='asia.api.riotgames.com', port=443): Read timed out. (read timeout=10)
Request error: HTTPSConnectionPool(host='asia.api.riotgames.com', port=443): Read timed out. (read timeout=10)
Request error: HTTPSConnectionPool(host='asia.api.riotgames.com', port=443): Read timed out. (read timeout=10)
Request error: HTTPSConnectionPool(host='asia.api.riotgames.com', port=443): Read timed out. (read timeout=10)
Request error: HTTPSConnectionPool(host='asia.api.riotgames.com', port=443): Read timed out.
Request error: HTTPSConnectionPool(host='asia.api.riotgames.com', port=443): Read timed out.
Request error: HTTPSConnectionPool(host='asia.api.riotgames.com', port=443): Read timed out. (read timeout=10)
Request error: HTTPSConnectionPool(host='asia.api.riotgames.com', port=443): Read timed out.
Request error: HTTPSConnectionPool(host='asia.api.riotgames.com', port=443): Read timed out.
Request error: HTTPSConnectionPool(host='asia.api.riotgames.com', port=443): Read timed out. (read timeout=10)
Request error: HTTPSConnectionPool(host='asia.api.riotgames.com', port=443): Read timed out. (read timeout=10)
Request error: HTTPSConnectionPool(host='asia.api.riotgames.com', port=443): Read timed out.
Request error: HTTPSConnectionPool(host='asia.api.riotgames.com', port=443): Read timed out. (read timeout=10)
Max retries exceeded for https://asia.api.riotgames.com/lol/match/v5/matches/KR_8282886799/timeline
Skipping KR_8282886799 — timeline fetch failed
Request error: HTTPSConnectionPool(host='asia.api.riotgames.com', port=443): Read timed out.
Request error: HTTPSConnectionPool(host='asia.api.riotgames.com', port=443): Read timed out. (read timeout=10)
Request error: HTTPSConnectionPool(host='asia.api.riotgames.com', port=443): Read timed out. (read timeout=10)
Request error: HTTPSConnectionPool(host='asia.api.riotgames.com', port=443): Read timed out.
Request error: HTTPSConnectionPool(host='asia.api.riotgames.com', port=443): Read timed out.
Request error: HTTPSConnectionPool(host='asia.api.riotgames.com', port=443): Read timed out. (read timeout=10)
Request error: HTTPSConnectionPool(host='asia.api.riotgames.com', port=443): Read timed out. (read timeout=10)
Request error: HTTPSConnectionPool(host='asia.api.riotgames.com', port=443): Read timed out. (read timeout=10)
Request error: HTTPSConnectionPool(host='asia.api.riotgames.com', port=443): Read timed out. (read timeout=10)
Request error: HTTPSConnectionPool(host='asia.api.riotgames.com', port=443): Read timed out.
Request error: HTTPSConnectionPool(host='asia.api.riotgames.com', port=443): Read timed out.
Request error: HTTPSConnectionPool(host='asia.api.riotgames.com', port=443): Read timed out.
Request error: HTTPSConnectionPool(host='asia.api.riotgames.com', port=443): Read timed out.
Request error: HTTPSConnectionPool(host='asia.api.riotgames.com', port=443): Read timed out. (read timeout=10)
Request error: HTTPSConnectionPool(host='asia.api.riotgames.com', port=443): Read timed out. (read timeout=10)
Request error: HTTPSConnectionPool(host='asia.api.riotgames.com', port=443): Read timed out. (read timeout=10)
Request error: HTTPSConnectionPool(host='asia.api.riotgames.com', port=443): Read timed out.
Max retries exceeded for https://asia.api.riotgames.com/lol/match/v5/matches/KR_8302278580/timeline
Skipping KR_8302278580 — timeline fetch failed
Request error: HTTPSConnectionPool(host='asia.api.riotgames.com', port=443): Read timed out. (read timeout=10)
Request error: HTTPSConnectionPool(host='asia.api.riotgames.com', port=443): Read timed out. (read timeout=10)
Request error: HTTPSConnectionPool(host='asia.api.riotgames.com', port=443): Read timed out. (read timeout=10)
Request error: HTTPSConnectionPool(host='asia.api.riotgames.com', port=443): Read timed out.
Request error: HTTPSConnectionPool(host='asia.api.riotgames.com', port=443): Read timed out.
Request error: HTTPSConnectionPool(host='asia.api.riotgames.com', port=443): Read timed out. (read timeout=10)
Request error: HTTPSConnectionPool(host='asia.api.riotgames.com', port=443): Read timed out. (read timeout=10)
Request error: HTTPSConnectionPool(host='asia.api.riotgames.com', port=443): Read timed out. (read timeout=10)
Checkpoint: 4300 matches collected
Request error: HTTPSConnectionPool(host='asia.api.riotgames.com', port=443): Read timed out.
Request error: HTTPSConnectionPool(host='asia.api.riotgames.com', port=443): Read timed out.
Request error: HTTPSConnectionPool(host='asia.api.riotgames.com', port=443): Read timed out. (read timeout=10)
Request error: HTTPSConnectionPool(host='asia.api.riotgames.com', port=443): Read timed out. (read timeout=10)
Request error: HTTPSConnectionPool(host='asia.api.riotgames.com', port=443): Read timed out.
Request error: HTTPSConnectionPool(host='asia.api.riotgames.com', port=443): Read timed out.
Request error: HTTPSConnectionPool(host='asia.api.riotgames.com', port=443): Read timed out.
Request error: HTTPSConnectionPool(host='asia.api.riotgames.com', port=443): Read timed out.
Request error: HTTPSConnectionPool(host='asia.api.riotgames.com', port=443): Read timed out.
Request error: HTTPSConnectionPool(host='asia.api.riotgames.com', port=443): Read timed out. (read timeout=10)
Request error: HTTPSConnectionPool(host='asia.api.riotgames.com', port=443): Read timed out. (read timeout=10)
Request error: HTTPSConnectionPool(host='asia.api.riotgames.com', port=443): Read timed out. (read timeout=10)
Request error: HTTPSConnectionPool(host='asia.api.riotgames.com', port=443): Read timed out.
Request error: HTTPSConnectionPool(host='asia.api.riotgames.com', port=443): Read timed out. (read timeout=10)
Request error: HTTPSConnectionPool(host='asia.api.riotgames.com', port=443): Read timed out. (read timeout=10)
Request error: HTTPSConnectionPool(host='asia.api.riotgames.com', port=443): Read timed out.
Request error: HTTPSConnectionPool(host='asia.api.riotgames.com', port=443): Read timed out. (read timeout=10)
Request error: HTTPSConnectionPool(host='asia.api.riotgames.com', port=443): Read timed out.
Request error: HTTPSConnectionPool(host='asia.api.riotgames.com', port=443): Read timed out.
Request error: HTTPSConnectionPool(host='asia.api.riotgames.com', port=443): Read timed out.
Request error: HTTPSConnectionPool(host='asia.api.riotgames.com', port=443): Read timed out. (read timeout=10)
Request error: HTTPSConnectionPool(host='asia.api.riotgames.com', port=443): Read timed out.
Request error: HTTPSConnectionPool(host='asia.api.riotgames.com', port=443): Read timed out. (read timeout=10)
Request error: HTTPSConnectionPool(host='asia.api.riotgames.com', port=443): Read timed out. (read timeout=10)
Request error: HTTPSConnectionPool(host='asia.api.riotgames.com', port=443): Read timed out. (read timeout=10)
Request error: HTTPSConnectionPool(host='asia.api.riotgames.com', port=443): Read timed out.
Request error: HTTPSConnectionPool(host='asia.api.riotgames.com', port=443): Read timed out.
Request error: HTTPSConnectionPool(host='asia.api.riotgames.com', port=443): Read timed out.
Request error: HTTPSConnectionPool(host='asia.api.riotgames.com', port=443): Read timed out.
Request error: HTTPSConnectionPool(host='asia.api.riotgames.com', port=443): Read timed out. (read timeout=10)
Request error: HTTPSConnectionPool(host='asia.api.riotgames.com', port=443): Read timed out.
Request error: HTTPSConnectionPool(host='asia.api.riotgames.com', port=443): Read timed out.
Request error: HTTPSConnectionPool(host='asia.api.riotgames.com', port=443): Read timed out.
Request error: HTTPSConnectionPool(host='asia.api.riotgames.com', port=443): Read timed out.
Request error: HTTPSConnectionPool(host='asia.api.riotgames.com', port=443): Read timed out. (read timeout=10)
Request error: HTTPSConnectionPool(host='asia.api.riotgames.com', port=443): Read timed out. (read timeout=10)
Request error: HTTPSConnectionPool(host='asia.api.riotgames.com', port=443): Read timed out.
Request error: HTTPSConnectionPool(host='asia.api.riotgames.com', port=443): Read timed out.
Request error: HTTPSConnectionPool(host='asia.api.riotgames.com', port=443): Read timed out. (read timeout=10)
Request error: HTTPSConnectionPool(host='asia.api.riotgames.com', port=443): Read timed out.
Request error: HTTPSConnectionPool(host='asia.api.riotgames.com', port=443): Read timed out. (read timeout=10)
Request error: HTTPSConnectionPool(host='asia.api.riotgames.com', port=443): Read timed out.
Request error: HTTPSConnectionPool(host='asia.api.riotgames.com', port=443): Read timed out.
Request error: HTTPSConnectionPool(host='asia.api.riotgames.com', port=443): Read timed out.
Request error: HTTPSConnectionPool(host='asia.api.riotgames.com', port=443): Read timed out.
Request error: HTTPSConnectionPool(host='asia.api.riotgames.com', port=443): Read timed out. (read timeout=10)
Request error: HTTPSConnectionPool(host='asia.api.riotgames.com', port=443): Read timed out.
Request error: HTTPSConnectionPool(host='asia.api.riotgames.com', port=443): Read timed out. (read timeout=10)
Request error: HTTPSConnectionPool(host='asia.api.riotgames.com', port=443): Read timed out. (read timeout=10)
Request error: HTTPSConnectionPool(host='asia.api.riotgames.com', port=443): Read timed out. (read timeout=10)
Request error: HTTPSConnectionPool(host='asia.api.riotgames.com', port=443): Read timed out. (read timeout=10)
Request error: HTTPSConnectionPool(host='asia.api.riotgames.com', port=443): Read timed out. (read timeout=10)
Max retries exceeded for https://asia.api.riotgames.com/lol/match/v5/matches/KR_8299067974
Skipping KR_8299067974 — match detail fetch failed
Request error: HTTPSConnectionPool(host='asia.api.riotgames.com', port=443): Read timed out. (read timeout=10)
Request error: HTTPSConnectionPool(host='asia.api.riotgames.com', port=443): Read timed out. (read timeout=10)
Request error: HTTPSConnectionPool(host='asia.api.riotgames.com', port=443): Read timed out. (read timeout=10)
Request error: HTTPSConnectionPool(host='asia.api.riotgames.com', port=443): Read timed out.
Request error: HTTPSConnectionPool(host='asia.api.riotgames.com', port=443): Read timed out. (read timeout=10)
Request error: HTTPSConnectionPool(host='asia.api.riotgames.com', port=443): Read timed out. (read timeout=10)
Request error: HTTPSConnectionPool(host='asia.api.riotgames.com', port=443): Read timed out. (read timeout=10)
Request error: HTTPSConnectionPool(host='asia.api.riotgames.com', port=443): Read timed out.
Request error: HTTPSConnectionPool(host='asia.api.riotgames.com', port=443): Read timed out.
Request error: HTTPSConnectionPool(host='asia.api.riotgames.com', port=443): Read timed out. (read timeout=10)
Request error: HTTPSConnectionPool(host='asia.api.riotgames.com', port=443): Read timed out. (read timeout=10)
Request error: HTTPSConnectionPool(host='asia.api.riotgames.com', port=443): Read timed out. (read timeout=10)
Request error: HTTPSConnectionPool(host='asia.api.riotgames.com', port=443): Read timed out. (read timeout=10)
Request error: HTTPSConnectionPool(host='asia.api.riotgames.com', port=443): Read timed out.
Request error: HTTPSConnectionPool(host='asia.api.riotgames.com', port=443): Read timed out. (read timeout=10)
Request error: HTTPSConnectionPool(host='asia.api.riotgames.com', port=443): Read timed out.
Max retries exceeded for https://asia.api.riotgames.com/lol/match/v5/matches/KR_8296685731
Skipping KR_8296685731 — match detail fetch failed
Request error: HTTPSConnectionPool(host='asia.api.riotgames.com', port=443): Read timed out.
Request error: HTTPSConnectionPool(host='asia.api.riotgames.com', port=443): Read timed out. (read timeout=10)
Request error: HTTPSConnectionPool(host='asia.api.riotgames.com', port=443): Read timed out.
Request error: HTTPSConnectionPool(host='asia.api.riotgames.com', port=443): Read timed out. (read timeout=10)
Request error: HTTPSConnectionPool(host='asia.api.riotgames.com', port=443): Read timed out.
Request error: HTTPSConnectionPool(host='asia.api.riotgames.com', port=443): Read timed out.
Request error: HTTPSConnectionPool(host='asia.api.riotgames.com', port=443): Read timed out.
Request error: HTTPSConnectionPool(host='asia.api.riotgames.com', port=443): Read timed out.
Max retries exceeded for https://asia.api.riotgames.com/lol/match/v5/matches/KR_8303263649/timeline
Skipping KR_8303263649 — timeline fetch failed
Request error: HTTPSConnectionPool(host='asia.api.riotgames.com', port=443): Read timed out.
Request error: HTTPSConnectionPool(host='asia.api.riotgames.com', port=443): Read timed out. (read timeout=10)
Request error: HTTPSConnectionPool(host='asia.api.riotgames.com', port=443): Read timed out. (read timeout=10)
Request error: HTTPSConnectionPool(host='asia.api.riotgames.com', port=443): Read timed out.
Request error: HTTPSConnectionPool(host='asia.api.riotgames.com', port=443): Read timed out.
Request error: HTTPSConnectionPool(host='asia.api.riotgames.com', port=443): Read timed out.
Request error: HTTPSConnectionPool(host='asia.api.riotgames.com', port=443): Read timed out. (read timeout=10)
Request error: HTTPSConnectionPool(host='asia.api.riotgames.com', port=443): Read timed out.
Request error: HTTPSConnectionPool(host='asia.api.riotgames.com', port=443): Read timed out. (read timeout=10)
Request error: HTTPSConnectionPool(host='asia.api.riotgames.com', port=443): Read timed out.
Request error: HTTPSConnectionPool(host='asia.api.riotgames.com', port=443): Read timed out. (read timeout=10)
Request error: HTTPSConnectionPool(host='asia.api.riotgames.com', port=443): Read timed out. (read timeout=10)
Request error: HTTPSConnectionPool(host='asia.api.riotgames.com', port=443): Read timed out. (read timeout=10)
Request error: HTTPSConnectionPool(host='asia.api.riotgames.com', port=443): Read timed out.
Request error: HTTPSConnectionPool(host='asia.api.riotgames.com', port=443): Read timed out. (read timeout=10)
Request error: HTTPSConnectionPool(host='asia.api.riotgames.com', port=443): Read timed out.
Request error: HTTPSConnectionPool(host='asia.api.riotgames.com', port=443): Read timed out. (read timeout=10)
Request error: HTTPSConnectionPool(host='asia.api.riotgames.com', port=443): Read timed out.
Request error: HTTPSConnectionPool(host='asia.api.riotgames.com', port=443): Read timed out. (read timeout=10)
Request error: HTTPSConnectionPool(host='asia.api.riotgames.com', port=443): Read timed out. (read timeout=10)
Request error: HTTPSConnectionPool(host='asia.api.riotgames.com', port=443): Read timed out.
Max retries exceeded for https://asia.api.riotgames.com/lol/match/v5/matches/KR_8302181901/timeline
Skipping KR_8302181901 — timeline fetch failed
Request error: HTTPSConnectionPool(host='asia.api.riotgames.com', port=443): Read timed out.
Request error: HTTPSConnectionPool(host='asia.api.riotgames.com', port=443): Read timed out.
Request error: HTTPSConnectionPool(host='asia.api.riotgames.com', port=443): Read timed out.
Request error: HTTPSConnectionPool(host='asia.api.riotgames.com', port=443): Read timed out.
Request error: HTTPSConnectionPool(host='asia.api.riotgames.com', port=443): Read timed out.
Request error: HTTPSConnectionPool(host='asia.api.riotgames.com', port=443): Read timed out.
Request error: HTTPSConnectionPool(host='asia.api.riotgames.com', port=443): Read timed out. (read timeout=10)
Request error: HTTPSConnectionPool(host='asia.api.riotgames.com', port=443): Read timed out.
Request error: HTTPSConnectionPool(host='asia.api.riotgames.com', port=443): Read timed out.
Request error: HTTPSConnectionPool(host='asia.api.riotgames.com', port=443): Read timed out.
Request error: HTTPSConnectionPool(host='asia.api.riotgames.com', port=443): Read timed out.
Request error: HTTPSConnectionPool(host='asia.api.riotgames.com', port=443): Read timed out. (read timeout=10)
Max retries exceeded for https://asia.api.riotgames.com/lol/match/v5/matches/KR_8296840675/timeline
Skipping KR_8296840675 — timeline fetch failed
Request error: HTTPSConnectionPool(host='asia.api.riotgames.com', port=443): Read timed out. (read timeout=10)
Request error: HTTPSConnectionPool(host='asia.api.riotgames.com', port=443): Read timed out. (read timeout=10)
Request error: HTTPSConnectionPool(host='asia.api.riotgames.com', port=443): Read timed out.
Request error: HTTPSConnectionPool(host='asia.api.riotgames.com', port=443): Read timed out.
Request error: HTTPSConnectionPool(host='asia.api.riotgames.com', port=443): Read timed out.
Request error: HTTPSConnectionPool(host='asia.api.riotgames.com', port=443): Read timed out.
Request error: HTTPSConnectionPool(host='asia.api.riotgames.com', port=443): Read timed out.
Request error: HTTPSConnectionPool(host='asia.api.riotgames.com', port=443): Read timed out.
Request error: HTTPSConnectionPool(host='asia.api.riotgames.com', port=443): Read timed out. (read timeout=10)
Request error: HTTPSConnectionPool(host='asia.api.riotgames.com', port=443): Read timed out. (read timeout=10)
Request error: HTTPSConnectionPool(host='asia.api.riotgames.com', port=443): Read timed out. (read timeout=10)
Request error: HTTPSConnectionPool(host='asia.api.riotgames.com', port=443): Read timed out.
Request error: HTTPSConnectionPool(host='asia.api.riotgames.com', port=443): Read timed out.
Request error: HTTPSConnectionPool(host='asia.api.riotgames.com', port=443): Read timed out. (read timeout=10)
Request error: HTTPSConnectionPool(host='asia.api.riotgames.com', port=443): Read timed out. (read timeout=10)
Request error: HTTPSConnectionPool(host='asia.api.riotgames.com', port=443): Read timed out.
Request error: HTTPSConnectionPool(host='asia.api.riotgames.com', port=443): Read timed out. (read timeout=10)
Request error: HTTPSConnectionPool(host='asia.api.riotgames.com', port=443): Read timed out.
Request error: HTTPSConnectionPool(host='asia.api.riotgames.com', port=443): Read timed out.
Request error: HTTPSConnectionPool(host='asia.api.riotgames.com', port=443): Read timed out. (read timeout=10)
Request error: HTTPSConnectionPool(host='asia.api.riotgames.com', port=443): Read timed out.
Request error: HTTPSConnectionPool(host='asia.api.riotgames.com', port=443): Read timed out.
Request error: HTTPSConnectionPool(host='asia.api.riotgames.com', port=443): Read timed out. (read timeout=10)
Request error: HTTPSConnectionPool(host='asia.api.riotgames.com', port=443): Read timed out.
Request error: HTTPSConnectionPool(host='asia.api.riotgames.com', port=443): Read timed out.
Request error: HTTPSConnectionPool(host='asia.api.riotgames.com', port=443): Read timed out. (read timeout=10)
Max retries exceeded for https://asia.api.riotgames.com/lol/match/v5/matches/KR_8292097396/timeline
Skipping KR_8292097396 — timeline fetch failed
Request error: HTTPSConnectionPool(host='asia.api.riotgames.com', port=443): Read timed out. (read timeout=10)
Request error: HTTPSConnectionPool(host='asia.api.riotgames.com', port=443): Read timed out.
Request error: HTTPSConnectionPool(host='asia.api.riotgames.com', port=443): Read timed out. (read timeout=10)
Request error: HTTPSConnectionPool(host='asia.api.riotgames.com', port=443): Read timed out.
Request error: HTTPSConnectionPool(host='asia.api.riotgames.com', port=443): Read timed out.
Request error: HTTPSConnectionPool(host='asia.api.riotgames.com', port=443): Read timed out.
Request error: HTTPSConnectionPool(host='asia.api.riotgames.com', port=443): Read timed out.
Request error: HTTPSConnectionPool(host='asia.api.riotgames.com', port=443): Read timed out.
Request error: HTTPSConnectionPool(host='asia.api.riotgames.com', port=443): Read timed out.
Request error: HTTPSConnectionPool(host='asia.api.riotgames.com', port=443): Read timed out.
Request error: HTTPSConnectionPool(host='asia.api.riotgames.com', port=443): Read timed out.
Request error: HTTPSConnectionPool(host='asia.api.riotgames.com', port=443): Read timed out. (read timeout=10)
Request error: HTTPSConnectionPool(host='asia.api.riotgames.com', port=443): Read timed out.
Request error: HTTPSConnectionPool(host='asia.api.riotgames.com', port=443): Read timed out.
Request error: HTTPSConnectionPool(host='asia.api.riotgames.com', port=443): Read timed out. (read timeout=10)
Request error: HTTPSConnectionPool(host='asia.api.riotgames.com', port=443): Read timed out. (read timeout=10)
Request error: HTTPSConnectionPool(host='asia.api.riotgames.com', port=443): Read timed out.
Request error: HTTPSConnectionPool(host='asia.api.riotgames.com', port=443): Read timed out. (read timeout=10)
Max retries exceeded for https://asia.api.riotgames.com/lol/match/v5/matches/KR_8289432273/timeline
Skipping KR_8289432273 — timeline fetch failed
Request error: HTTPSConnectionPool(host='asia.api.riotgames.com', port=443): Read timed out. (read timeout=10)
Request error: HTTPSConnectionPool(host='asia.api.riotgames.com', port=443): Read timed out.
Request error: HTTPSConnectionPool(host='asia.api.riotgames.com', port=443): Read timed out. (read timeout=10)
Request error: HTTPSConnectionPool(host='asia.api.riotgames.com', port=443): Read timed out. (read timeout=10)
Request error: HTTPSConnectionPool(host='asia.api.riotgames.com', port=443): Read timed out. (read timeout=10)
Request error: HTTPSConnectionPool(host='asia.api.riotgames.com', port=443): Read timed out. (read timeout=10)
Request error: HTTPSConnectionPool(host='asia.api.riotgames.com', port=443): Read timed out. (read timeout=10)
Request error: HTTPSConnectionPool(host='asia.api.riotgames.com', port=443): Read timed out. (read timeout=10)
Request error: HTTPSConnectionPool(host='asia.api.riotgames.com', port=443): Read timed out.
Request error: HTTPSConnectionPool(host='asia.api.riotgames.com', port=443): Read timed out.
Request error: HTTPSConnectionPool(host='asia.api.riotgames.com', port=443): Read timed out.
Request error: HTTPSConnectionPool(host='asia.api.riotgames.com', port=443): Read timed out. (read timeout=10)
Request error: HTTPSConnectionPool(host='asia.api.riotgames.com', port=443): Read timed out. (read timeout=10)
Max retries exceeded for https://asia.api.riotgames.com/lol/match/v5/matches/KR_8289150475/timeline
Skipping KR_8289150475 — timeline fetch failed
Request error: HTTPSConnectionPool(host='asia.api.riotgames.com', port=443): Read timed out. (read timeout=10)
Request error: HTTPSConnectionPool(host='asia.api.riotgames.com', port=443): Read timed out. (read timeout=10)
Request error: HTTPSConnectionPool(host='asia.api.riotgames.com', port=443): Read timed out. (read timeout=10)
Request error: HTTPSConnectionPool(host='asia.api.riotgames.com', port=443): Read timed out.
Request error: HTTPSConnectionPool(host='asia.api.riotgames.com', port=443): Read timed out.
Request error: HTTPSConnectionPool(host='asia.api.riotgames.com', port=443): Read timed out. (read timeout=10)
Max retries exceeded for https://asia.api.riotgames.com/lol/match/v5/matches/KR_8289087935/timeline
Skipping KR_8289087935 — timeline fetch failed
Request error: HTTPSConnectionPool(host='asia.api.riotgames.com', port=443): Read timed out.
Request error: HTTPSConnectionPool(host='asia.api.riotgames.com', port=443): Read timed out. (read timeout=10)
Request error: HTTPSConnectionPool(host='asia.api.riotgames.com', port=443): Read timed out. (read timeout=10)
Request error: HTTPSConnectionPool(host='asia.api.riotgames.com', port=443): Read timed out.
Request error: HTTPSConnectionPool(host='asia.api.riotgames.com', port=443): Read timed out.
Request error: HTTPSConnectionPool(host='asia.api.riotgames.com', port=443): Read timed out.
Request error: HTTPSConnectionPool(host='asia.api.riotgames.com', port=443): Read timed out.
Request error: HTTPSConnectionPool(host='asia.api.riotgames.com', port=443): Read timed out.
Request error: HTTPSConnectionPool(host='asia.api.riotgames.com', port=443): Read timed out. (read timeout=10)
Request error: HTTPSConnectionPool(host='asia.api.riotgames.com', port=443): Read timed out.
Request error: HTTPSConnectionPool(host='asia.api.riotgames.com', port=443): Read timed out. (read timeout=10)
Request error: HTTPSConnectionPool(host='asia.api.riotgames.com', port=443): Read timed out.
Request error: HTTPSConnectionPool(host='asia.api.riotgames.com', port=443): Read timed out.
Request error: HTTPSConnectionPool(host='asia.api.riotgames.com', port=443): Read timed out.
Request error: HTTPSConnectionPool(host='asia.api.riotgames.com', port=443): Read timed out. (read timeout=10)
Request error: HTTPSConnectionPool(host='asia.api.riotgames.com', port=443): Read timed out.
Request error: HTTPSConnectionPool(host='asia.api.riotgames.com', port=443): Read timed out.
Request error: HTTPSConnectionPool(host='asia.api.riotgames.com', port=443): Read timed out. (read timeout=10)
Request error: HTTPSConnectionPool(host='asia.api.riotgames.com', port=443): Read timed out. (read timeout=10)
Request error: HTTPSConnectionPool(host='asia.api.riotgames.com', port=443): Read timed out. (read timeout=10)
Request error: HTTPSConnectionPool(host='asia.api.riotgames.com', port=443): Read timed out. (read timeout=10)
Request error: HTTPSConnectionPool(host='asia.api.riotgames.com', port=443): Read timed out.
Request error: HTTPSConnectionPool(host='asia.api.riotgames.com', port=443): Read timed out. (read timeout=10)
Request error: HTTPSConnectionPool(host='asia.api.riotgames.com', port=443): Read timed out. (read timeout=10)
Request error: HTTPSConnectionPool(host='asia.api.riotgames.com', port=443): Read timed out. (read timeout=10)
Request error: HTTPSConnectionPool(host='asia.api.riotgames.com', port=443): Read timed out. (read timeout=10)
Request error: HTTPSConnectionPool(host='asia.api.riotgames.com', port=443): Read timed out. (read timeout=10)
Request error: HTTPSConnectionPool(host='asia.api.riotgames.com', port=443): Read timed out.
Request error: HTTPSConnectionPool(host='asia.api.riotgames.com', port=443): Read timed out. (read timeout=10)
Request error: HTTPSConnectionPool(host='asia.api.riotgames.com', port=443): Read timed out. (read timeout=10)
Request error: HTTPSConnectionPool(host='asia.api.riotgames.com', port=443): Read timed out.
Request error: HTTPSConnectionPool(host='asia.api.riotgames.com', port=443): Read timed out.
Request error: HTTPSConnectionPool(host='asia.api.riotgames.com', port=443): Read timed out. (read timeout=10)
Request error: HTTPSConnectionPool(host='asia.api.riotgames.com', port=443): Read timed out.
Max retries exceeded for https://asia.api.riotgames.com/lol/match/v5/matches/KR_8303348273/timeline
Skipping KR_8303348273 — timeline fetch failed
Request error: HTTPSConnectionPool(host='asia.api.riotgames.com', port=443): Read timed out. (read timeout=10)
Request error: HTTPSConnectionPool(host='asia.api.riotgames.com', port=443): Read timed out.
Request error: HTTPSConnectionPool(host='asia.api.riotgames.com', port=443): Read timed out. (read timeout=10)
Request error: HTTPSConnectionPool(host='asia.api.riotgames.com', port=443): Read timed out.
Request error: HTTPSConnectionPool(host='asia.api.riotgames.com', port=443): Read timed out. (read timeout=10)
Request error: HTTPSConnectionPool(host='asia.api.riotgames.com', port=443): Read timed out.
Max retries exceeded for https://asia.api.riotgames.com/lol/match/v5/matches/KR_8297611056/timeline
Skipping KR_8297611056 — timeline fetch failed
Request error: HTTPSConnectionPool(host='asia.api.riotgames.com', port=443): Read timed out. (read timeout=10)
Request error: HTTPSConnectionPool(host='asia.api.riotgames.com', port=443): Read timed out.
Request error: HTTPSConnectionPool(host='asia.api.riotgames.com', port=443): Read timed out.
Request error: HTTPSConnectionPool(host='asia.api.riotgames.com', port=443): Read timed out.
Request error: HTTPSConnectionPool(host='asia.api.riotgames.com', port=443): Read timed out. (read timeout=10)
Max retries exceeded for https://asia.api.riotgames.com/lol/match/v5/matches/KR_8297486487/timeline
Skipping KR_8297486487 — timeline fetch failed
Request error: HTTPSConnectionPool(host='asia.api.riotgames.com', port=443): Read timed out. (read timeout=10)
Request error: HTTPSConnectionPool(host='asia.api.riotgames.com', port=443): Read timed out.
Request error: HTTPSConnectionPool(host='asia.api.riotgames.com', port=443): Read timed out. (read timeout=10)
Request error: HTTPSConnectionPool(host='asia.api.riotgames.com', port=443): Read timed out. (read timeout=10)
Request error: HTTPSConnectionPool(host='asia.api.riotgames.com', port=443): Read timed out.
Request error: HTTPSConnectionPool(host='asia.api.riotgames.com', port=443): Read timed out. (read timeout=10)
Request error: HTTPSConnectionPool(host='asia.api.riotgames.com', port=443): Read timed out. (read timeout=10)
Request error: HTTPSConnectionPool(host='asia.api.riotgames.com', port=443): Read timed out.
Request error: HTTPSConnectionPool(host='asia.api.riotgames.com', port=443): Read timed out. (read timeout=10)
Request error: HTTPSConnectionPool(host='asia.api.riotgames.com', port=443): Read timed out. (read timeout=10)
Request error: HTTPSConnectionPool(host='asia.api.riotgames.com', port=443): Read timed out. (read timeout=10)
Request error: HTTPSConnectionPool(host='asia.api.riotgames.com', port=443): Read timed out.
Request error: HTTPSConnectionPool(host='asia.api.riotgames.com', port=443): Read timed out. (read timeout=10)
Request error: HTTPSConnectionPool(host='asia.api.riotgames.com', port=443): Read timed out. (read timeout=10)
Request error: HTTPSConnectionPool(host='asia.api.riotgames.com', port=443): Read timed out.
Request error: HTTPSConnectionPool(host='asia.api.riotgames.com', port=443): Read timed out.
Request error: HTTPSConnectionPool(host='asia.api.riotgames.com', port=443): Read timed out.
Request error: HTTPSConnectionPool(host='asia.api.riotgames.com', port=443): Read timed out. (read timeout=10)
Checkpoint: 4400 matches collected
Request error: HTTPSConnectionPool(host='asia.api.riotgames.com', port=443): Read timed out.
Request error: HTTPSConnectionPool(host='asia.api.riotgames.com', port=443): Read timed out.
Request error: HTTPSConnectionPool(host='asia.api.riotgames.com', port=443): Read timed out.
Request error: HTTPSConnectionPool(host='asia.api.riotgames.com', port=443): Read timed out.
Request error: HTTPSConnectionPool(host='asia.api.riotgames.com', port=443): Read timed out. (read timeout=10)
Request error: HTTPSConnectionPool(host='asia.api.riotgames.com', port=443): Read timed out. (read timeout=10)
Request error: HTTPSConnectionPool(host='asia.api.riotgames.com', port=443): Read timed out. (read timeout=10)
Request error: HTTPSConnectionPool(host='asia.api.riotgames.com', port=443): Read timed out. (read timeout=10)
Request error: HTTPSConnectionPool(host='asia.api.riotgames.com', port=443): Read timed out. (read timeout=10)
Request error: HTTPSConnectionPool(host='asia.api.riotgames.com', port=443): Read timed out. (read timeout=10)
Request error: HTTPSConnectionPool(host='asia.api.riotgames.com', port=443): Read timed out. (read timeout=10)
Max retries exceeded for https://asia.api.riotgames.com/lol/match/v5/matches/KR_8288273390/timeline
Skipping KR_8288273390 — timeline fetch failed
Request error: HTTPSConnectionPool(host='asia.api.riotgames.com', port=443): Read timed out. (read timeout=10)
Request error: HTTPSConnectionPool(host='asia.api.riotgames.com', port=443): Read timed out. (read timeout=10)
Request error: HTTPSConnectionPool(host='asia.api.riotgames.com', port=443): Read timed out.
Request error: HTTPSConnectionPool(host='asia.api.riotgames.com', port=443): Read timed out. (read timeout=10)
Request error: HTTPSConnectionPool(host='asia.api.riotgames.com', port=443): Read timed out.
Request error: HTTPSConnectionPool(host='asia.api.riotgames.com', port=443): Read timed out. (read timeout=10)
Request error: HTTPSConnectionPool(host='asia.api.riotgames.com', port=443): Read timed out.
Request error: HTTPSConnectionPool(host='asia.api.riotgames.com', port=443): Read timed out. (read timeout=10)
Request error: HTTPSConnectionPool(host='asia.api.riotgames.com', port=443): Read timed out. (read timeout=10)
Request error: HTTPSConnectionPool(host='asia.api.riotgames.com', port=443): Read timed out.
Request error: HTTPSConnectionPool(host='asia.api.riotgames.com', port=443): Read timed out. (read timeout=10)
Request error: HTTPSConnectionPool(host='asia.api.riotgames.com', port=443): Read timed out.
Request error: HTTPSConnectionPool(host='asia.api.riotgames.com', port=443): Read timed out. (read timeout=10)
Request error: HTTPSConnectionPool(host='asia.api.riotgames.com', port=443): Read timed out.
Request error: HTTPSConnectionPool(host='asia.api.riotgames.com', port=443): Read timed out.
Request error: HTTPSConnectionPool(host='asia.api.riotgames.com', port=443): Read timed out. (read timeout=10)
Request error: HTTPSConnectionPool(host='asia.api.riotgames.com', port=443): Read timed out.
Max retries exceeded for https://asia.api.riotgames.com/lol/match/v5/matches/KR_8303446020/timeline
Skipping KR_8303446020 — timeline fetch failed
Request error: HTTPSConnectionPool(host='asia.api.riotgames.com', port=443): Read timed out. (read timeout=10)
Request error: HTTPSConnectionPool(host='asia.api.riotgames.com', port=443): Read timed out. (read timeout=10)
Request error: HTTPSConnectionPool(host='asia.api.riotgames.com', port=443): Read timed out. (read timeout=10)
Request error: HTTPSConnectionPool(host='asia.api.riotgames.com', port=443): Read timed out.
Request error: HTTPSConnectionPool(host='asia.api.riotgames.com', port=443): Read timed out. (read timeout=10)
Request error: HTTPSConnectionPool(host='asia.api.riotgames.com', port=443): Read timed out.
Request error: HTTPSConnectionPool(host='asia.api.riotgames.com', port=443): Read timed out.
Request error: HTTPSConnectionPool(host='asia.api.riotgames.com', port=443): Read timed out. (read timeout=10)
Request error: HTTPSConnectionPool(host='asia.api.riotgames.com', port=443): Read timed out.
Request error: HTTPSConnectionPool(host='asia.api.riotgames.com', port=443): Read timed out.
Request error: HTTPSConnectionPool(host='asia.api.riotgames.com', port=443): Read timed out. (read timeout=10)
Request error: HTTPSConnectionPool(host='asia.api.riotgames.com', port=443): Read timed out.
Max retries exceeded for https://asia.api.riotgames.com/lol/match/v5/matches/KR_8303728696/timeline
Skipping KR_8303728696 — timeline fetch failed
Request error: HTTPSConnectionPool(host='asia.api.riotgames.com', port=443): Read timed out.
Request error: HTTPSConnectionPool(host='asia.api.riotgames.com', port=443): Read timed out. (read timeout=10)
Request error: HTTPSConnectionPool(host='asia.api.riotgames.com', port=443): Read timed out.
Request error: HTTPSConnectionPool(host='asia.api.riotgames.com', port=443): Read timed out. (read timeout=10)
Request error: HTTPSConnectionPool(host='asia.api.riotgames.com', port=443): Read timed out.
Request error: HTTPSConnectionPool(host='asia.api.riotgames.com', port=443): Read timed out.
Request error: HTTPSConnectionPool(host='asia.api.riotgames.com', port=443): Read timed out.
Request error: HTTPSConnectionPool(host='asia.api.riotgames.com', port=443): Read timed out. (read timeout=10)
Request error: HTTPSConnectionPool(host='asia.api.riotgames.com', port=443): Read timed out.
Request error: HTTPSConnectionPool(host='asia.api.riotgames.com', port=443): Read timed out.
Request error: HTTPSConnectionPool(host='asia.api.riotgames.com', port=443): Read timed out. (read timeout=10)
Request error: HTTPSConnectionPool(host='asia.api.riotgames.com', port=443): Read timed out.
Request error: HTTPSConnectionPool(host='asia.api.riotgames.com', port=443): Read timed out.
Request error: HTTPSConnectionPool(host='asia.api.riotgames.com', port=443): Read timed out.
Request error: HTTPSConnectionPool(host='asia.api.riotgames.com', port=443): Read timed out.
Request error: HTTPSConnectionPool(host='asia.api.riotgames.com', port=443): Read timed out.
Request error: HTTPSConnectionPool(host='asia.api.riotgames.com', port=443): Read timed out. (read timeout=10)
Max retries exceeded for https://asia.api.riotgames.com/lol/match/v5/matches/KR_8303428762/timeline
Skipping KR_8303428762 — timeline fetch failed
Request error: HTTPSConnectionPool(host='asia.api.riotgames.com', port=443): Read timed out. (read timeout=10)
Request error: HTTPSConnectionPool(host='asia.api.riotgames.com', port=443): Read timed out. (read timeout=10)
Request error: HTTPSConnectionPool(host='asia.api.riotgames.com', port=443): Read timed out.
Request error: HTTPSConnectionPool(host='asia.api.riotgames.com', port=443): Read timed out.
Request error: HTTPSConnectionPool(host='asia.api.riotgames.com', port=443): Read timed out.
Max retries exceeded for https://asia.api.riotgames.com/lol/match/v5/matches/KR_8303348051/timeline
Skipping KR_8303348051 — timeline fetch failed
Request error: HTTPSConnectionPool(host='asia.api.riotgames.com', port=443): Read timed out. (read timeout=10)
Request error: HTTPSConnectionPool(host='asia.api.riotgames.com', port=443): Read timed out.
Request error: HTTPSConnectionPool(host='asia.api.riotgames.com', port=443): Read timed out.
Request error: HTTPSConnectionPool(host='asia.api.riotgames.com', port=443): Read timed out.
Request error: HTTPSConnectionPool(host='asia.api.riotgames.com', port=443): Read timed out.
Request error: HTTPSConnectionPool(host='asia.api.riotgames.com', port=443): Read timed out. (read timeout=10)
Request error: HTTPSConnectionPool(host='asia.api.riotgames.com', port=443): Read timed out.
Request error: HTTPSConnectionPool(host='asia.api.riotgames.com', port=443): Read timed out. (read timeout=10)
Request error: HTTPSConnectionPool(host='asia.api.riotgames.com', port=443): Read timed out. (read timeout=10)
Request error: HTTPSConnectionPool(host='asia.api.riotgames.com', port=443): Read timed out. (read timeout=10)
Request error: HTTPSConnectionPool(host='asia.api.riotgames.com', port=443): Read timed out. (read timeout=10)
Request error: HTTPSConnectionPool(host='asia.api.riotgames.com', port=443): Read timed out. (read timeout=10)
Request error: HTTPSConnectionPool(host='asia.api.riotgames.com', port=443): Read timed out. (read timeout=10)
Request error: HTTPSConnectionPool(host='asia.api.riotgames.com', port=443): Read timed out.
Request error: HTTPSConnectionPool(host='asia.api.riotgames.com', port=443): Read timed out.
Request error: HTTPSConnectionPool(host='asia.api.riotgames.com', port=443): Read timed out.
Request error: HTTPSConnectionPool(host='asia.api.riotgames.com', port=443): Read timed out.
Request error: HTTPSConnectionPool(host='asia.api.riotgames.com', port=443): Read timed out. (read timeout=10)
Max retries exceeded for https://asia.api.riotgames.com/lol/match/v5/matches/KR_8302654777/timeline
Skipping KR_8302654777 — timeline fetch failed
Request error: HTTPSConnectionPool(host='asia.api.riotgames.com', port=443): Read timed out.
Request error: HTTPSConnectionPool(host='asia.api.riotgames.com', port=443): Read timed out.
Request error: HTTPSConnectionPool(host='asia.api.riotgames.com', port=443): Read timed out.
Request error: HTTPSConnectionPool(host='asia.api.riotgames.com', port=443): Read timed out.
Request error: HTTPSConnectionPool(host='asia.api.riotgames.com', port=443): Read timed out.
Request error: HTTPSConnectionPool(host='asia.api.riotgames.com', port=443): Read timed out.
Request error: HTTPSConnectionPool(host='asia.api.riotgames.com', port=443): Read timed out.
Request error: HTTPSConnectionPool(host='asia.api.riotgames.com', port=443): Read timed out.
Max retries exceeded for https://asia.api.riotgames.com/lol/match/v5/matches/KR_8300695126/timeline
Skipping KR_8300695126 — timeline fetch failed
Request error: HTTPSConnectionPool(host='asia.api.riotgames.com', port=443): Read timed out.
Request error: HTTPSConnectionPool(host='asia.api.riotgames.com', port=443): Read timed out.
Request error: HTTPSConnectionPool(host='asia.api.riotgames.com', port=443): Read timed out. (read timeout=10)
Request error: HTTPSConnectionPool(host='asia.api.riotgames.com', port=443): Read timed out. (read timeout=10)
Request error: HTTPSConnectionPool(host='asia.api.riotgames.com', port=443): Read timed out. (read timeout=10)
Request error: HTTPSConnectionPool(host='asia.api.riotgames.com', port=443): Read timed out.
Request error: HTTPSConnectionPool(host='asia.api.riotgames.com', port=443): Read timed out.
Request error: HTTPSConnectionPool(host='asia.api.riotgames.com', port=443): Read timed out. (read timeout=10)
Request error: HTTPSConnectionPool(host='asia.api.riotgames.com', port=443): Read timed out.
Request error: HTTPSConnectionPool(host='asia.api.riotgames.com', port=443): Read timed out.
Request error: HTTPSConnectionPool(host='asia.api.riotgames.com', port=443): Read timed out. (read timeout=10)
Request error: HTTPSConnectionPool(host='asia.api.riotgames.com', port=443): Read timed out.
Request error: HTTPSConnectionPool(host='asia.api.riotgames.com', port=443): Read timed out. (read timeout=10)
Request error: HTTPSConnectionPool(host='asia.api.riotgames.com', port=443): Read timed out. (read timeout=10)
Request error: HTTPSConnectionPool(host='asia.api.riotgames.com', port=443): Read timed out. (read timeout=10)
Max retries exceeded for https://asia.api.riotgames.com/lol/match/v5/matches/KR_8303478176
Skipping KR_8303478176 — match detail fetch failed
Request error: HTTPSConnectionPool(host='asia.api.riotgames.com', port=443): Read timed out. (read timeout=10)
Request error: HTTPSConnectionPool(host='asia.api.riotgames.com', port=443): Read timed out. (read timeout=10)
Request error: HTTPSConnectionPool(host='asia.api.riotgames.com', port=443): Read timed out.
Request error: HTTPSConnectionPool(host='asia.api.riotgames.com', port=443): Read timed out. (read timeout=10)
Request error: HTTPSConnectionPool(host='asia.api.riotgames.com', port=443): Read timed out. (read timeout=10)
Request error: HTTPSConnectionPool(host='asia.api.riotgames.com', port=443): Read timed out. (read timeout=10)
Request error: HTTPSConnectionPool(host='asia.api.riotgames.com', port=443): Read timed out.
Request error: HTTPSConnectionPool(host='asia.api.riotgames.com', port=443): Read timed out.
Request error: HTTPSConnectionPool(host='asia.api.riotgames.com', port=443): Read timed out.
Request error: HTTPSConnectionPool(host='asia.api.riotgames.com', port=443): Read timed out. (read timeout=10)
Request error: HTTPSConnectionPool(host='asia.api.riotgames.com', port=443): Read timed out. (read timeout=10)
Request error: HTTPSConnectionPool(host='asia.api.riotgames.com', port=443): Read timed out. (read timeout=10)
Max retries exceeded for https://asia.api.riotgames.com/lol/match/v5/matches/KR_8303329222/timeline
Skipping KR_8303329222 — timeline fetch failed
Request error: HTTPSConnectionPool(host='asia.api.riotgames.com', port=443): Read timed out. (read timeout=10)
Request error: HTTPSConnectionPool(host='asia.api.riotgames.com', port=443): Read timed out.
Request error: HTTPSConnectionPool(host='asia.api.riotgames.com', port=443): Read timed out. (read timeout=10)
Request error: HTTPSConnectionPool(host='asia.api.riotgames.com', port=443): Read timed out.
Request error: HTTPSConnectionPool(host='asia.api.riotgames.com', port=443): Read timed out.
Request error: HTTPSConnectionPool(host='asia.api.riotgames.com', port=443): Read timed out. (read timeout=10)
Max retries exceeded for https://asia.api.riotgames.com/lol/match/v5/matches/KR_8301963672/timeline
Skipping KR_8301963672 — timeline fetch failed
Request error: HTTPSConnectionPool(host='asia.api.riotgames.com', port=443): Read timed out. (read timeout=10)
Request error: HTTPSConnectionPool(host='asia.api.riotgames.com', port=443): Read timed out.
Request error: HTTPSConnectionPool(host='asia.api.riotgames.com', port=443): Read timed out. (read timeout=10)
Request error: HTTPSConnectionPool(host='asia.api.riotgames.com', port=443): Read timed out. (read timeout=10)
Request error: HTTPSConnectionPool(host='asia.api.riotgames.com', port=443): Read timed out.
Request error: HTTPSConnectionPool(host='asia.api.riotgames.com', port=443): Read timed out. (read timeout=10)
Request error: HTTPSConnectionPool(host='asia.api.riotgames.com', port=443): Read timed out. (read timeout=10)
Request error: HTTPSConnectionPool(host='asia.api.riotgames.com', port=443): Read timed out. (read timeout=10)
Request error: HTTPSConnectionPool(host='asia.api.riotgames.com', port=443): Read timed out.
Max retries exceeded for https://asia.api.riotgames.com/lol/match/v5/matches/KR_8291120734/timeline
Skipping KR_8291120734 — timeline fetch failed
Request error: HTTPSConnectionPool(host='asia.api.riotgames.com', port=443): Read timed out. (read timeout=10)
Request error: HTTPSConnectionPool(host='asia.api.riotgames.com', port=443): Read timed out. (read timeout=10)
Request error: HTTPSConnectionPool(host='asia.api.riotgames.com', port=443): Read timed out. (read timeout=10)
Request error: HTTPSConnectionPool(host='asia.api.riotgames.com', port=443): Read timed out. (read timeout=10)
Request error: HTTPSConnectionPool(host='asia.api.riotgames.com', port=443): Read timed out.
Request error: HTTPSConnectionPool(host='asia.api.riotgames.com', port=443): Read timed out.
Request error: HTTPSConnectionPool(host='asia.api.riotgames.com', port=443): Read timed out.
Request error: HTTPSConnectionPool(host='asia.api.riotgames.com', port=443): Read timed out.
Request error: HTTPSConnectionPool(host='asia.api.riotgames.com', port=443): Read timed out. (read timeout=10)
Max retries exceeded for https://asia.api.riotgames.com/lol/match/v5/matches/KR_8283509710/timeline
Skipping KR_8283509710 — timeline fetch failed
Request error: HTTPSConnectionPool(host='asia.api.riotgames.com', port=443): Read timed out. (read timeout=10)
Request error: HTTPSConnectionPool(host='asia.api.riotgames.com', port=443): Read timed out.
Request error: HTTPSConnectionPool(host='asia.api.riotgames.com', port=443): Read timed out.
Request error: HTTPSConnectionPool(host='asia.api.riotgames.com', port=443): Read timed out.
Request error: HTTPSConnectionPool(host='asia.api.riotgames.com', port=443): Read timed out. (read timeout=10)
Request error: HTTPSConnectionPool(host='asia.api.riotgames.com', port=443): Read timed out.
Request error: HTTPSConnectionPool(host='asia.api.riotgames.com', port=443): Read timed out. (read timeout=10)
Request error: HTTPSConnectionPool(host='asia.api.riotgames.com', port=443): Read timed out. (read timeout=10)
Request error: HTTPSConnectionPool(host='asia.api.riotgames.com', port=443): Read timed out. (read timeout=10)
Request error: HTTPSConnectionPool(host='asia.api.riotgames.com', port=443): Read timed out.
Max retries exceeded for https://asia.api.riotgames.com/lol/match/v5/matches/KR_8281611432/timeline
Skipping KR_8281611432 — timeline fetch failed
Request error: HTTPSConnectionPool(host='asia.api.riotgames.com', port=443): Read timed out.
Request error: HTTPSConnectionPool(host='asia.api.riotgames.com', port=443): Read timed out.
Request error: HTTPSConnectionPool(host='asia.api.riotgames.com', port=443): Read timed out.
Request error: HTTPSConnectionPool(host='asia.api.riotgames.com', port=443): Read timed out.
Request error: HTTPSConnectionPool(host='asia.api.riotgames.com', port=443): Read timed out. (read timeout=10)
Request error: HTTPSConnectionPool(host='asia.api.riotgames.com', port=443): Read timed out.
Max retries exceeded for https://asia.api.riotgames.com/lol/match/v5/matches/KR_8279299297/timeline
Skipping KR_8279299297 — timeline fetch failed
Request error: HTTPSConnectionPool(host='asia.api.riotgames.com', port=443): Read timed out.
Request error: HTTPSConnectionPool(host='asia.api.riotgames.com', port=443): Read timed out.
Request error: HTTPSConnectionPool(host='asia.api.riotgames.com', port=443): Read timed out. (read timeout=10)
Request error: HTTPSConnectionPool(host='asia.api.riotgames.com', port=443): Read timed out.
Request error: HTTPSConnectionPool(host='asia.api.riotgames.com', port=443): Read timed out.
Max retries exceeded for https://asia.api.riotgames.com/lol/match/v5/matches/KR_8278488485/timeline
Skipping KR_8278488485 — timeline fetch failed
Request error: HTTPSConnectionPool(host='asia.api.riotgames.com', port=443): Read timed out.
Request error: HTTPSConnectionPool(host='asia.api.riotgames.com', port=443): Read timed out.
Request error: HTTPSConnectionPool(host='asia.api.riotgames.com', port=443): Read timed out. (read timeout=10)
Request error: HTTPSConnectionPool(host='asia.api.riotgames.com', port=443): Read timed out.
Request error: HTTPSConnectionPool(host='asia.api.riotgames.com', port=443): Read timed out. (read timeout=10)
Request error: HTTPSConnectionPool(host='asia.api.riotgames.com', port=443): Read timed out.
Request error: HTTPSConnectionPool(host='asia.api.riotgames.com', port=443): Read timed out. (read timeout=10)
Request error: HTTPSConnectionPool(host='asia.api.riotgames.com', port=443): Read timed out. (read timeout=10)
Max retries exceeded for https://asia.api.riotgames.com/lol/match/v5/matches/KR_8274065870/timeline
Skipping KR_8274065870 — timeline fetch failed
Request error: HTTPSConnectionPool(host='asia.api.riotgames.com', port=443): Read timed out.
Request error: HTTPSConnectionPool(host='asia.api.riotgames.com', port=443): Read timed out.
Request error: HTTPSConnectionPool(host='asia.api.riotgames.com', port=443): Read timed out.
Request error: HTTPSConnectionPool(host='asia.api.riotgames.com', port=443): Read timed out.
Request error: HTTPSConnectionPool(host='asia.api.riotgames.com', port=443): Read timed out. (read timeout=10)
Request error: HTTPSConnectionPool(host='asia.api.riotgames.com', port=443): Read timed out.
Request error: HTTPSConnectionPool(host='asia.api.riotgames.com', port=443): Read timed out.
Request error: HTTPSConnectionPool(host='asia.api.riotgames.com', port=443): Read timed out. (read timeout=10)
Request error: HTTPSConnectionPool(host='asia.api.riotgames.com', port=443): Read timed out. (read timeout=10)
Request error: HTTPSConnectionPool(host='asia.api.riotgames.com', port=443): Read timed out. (read timeout=10)
Request error: HTTPSConnectionPool(host='asia.api.riotgames.com', port=443): Read timed out. (read timeout=10)
Request error: HTTPSConnectionPool(host='asia.api.riotgames.com', port=443): Read timed out. (read timeout=10)
Request error: HTTPSConnectionPool(host='asia.api.riotgames.com', port=443): Read timed out. (read timeout=10)
Request error: HTTPSConnectionPool(host='asia.api.riotgames.com', port=443): Read timed out. (read timeout=10)
Request error: HTTPSConnectionPool(host='asia.api.riotgames.com', port=443): Read timed out.
Request error: HTTPSConnectionPool(host='asia.api.riotgames.com', port=443): Read timed out. (read timeout=10)
Request error: HTTPSConnectionPool(host='asia.api.riotgames.com', port=443): Read timed out.
Request error: HTTPSConnectionPool(host='asia.api.riotgames.com', port=443): Read timed out.
Request error: HTTPSConnectionPool(host='asia.api.riotgames.com', port=443): Read timed out.
Max retries exceeded for https://asia.api.riotgames.com/lol/match/v5/matches/KR_8292031597/timeline
Skipping KR_8292031597 — timeline fetch failed
Request error: HTTPSConnectionPool(host='asia.api.riotgames.com', port=443): Read timed out.
Request error: HTTPSConnectionPool(host='asia.api.riotgames.com', port=443): Read timed out.
Request error: HTTPSConnectionPool(host='asia.api.riotgames.com', port=443): Read timed out.
Request error: HTTPSConnectionPool(host='asia.api.riotgames.com', port=443): Read timed out.
Request error: HTTPSConnectionPool(host='asia.api.riotgames.com', port=443): Read timed out. (read timeout=10)
Request error: HTTPSConnectionPool(host='asia.api.riotgames.com', port=443): Read timed out.
Request error: HTTPSConnectionPool(host='asia.api.riotgames.com', port=443): Read timed out.
Request error: HTTPSConnectionPool(host='asia.api.riotgames.com', port=443): Read timed out. (read timeout=10)
Request error: HTTPSConnectionPool(host='asia.api.riotgames.com', port=443): Read timed out. (read timeout=10)
Request error: HTTPSConnectionPool(host='asia.api.riotgames.com', port=443): Read timed out.
Request error: HTTPSConnectionPool(host='asia.api.riotgames.com', port=443): Read timed out. (read timeout=10)
Request error: HTTPSConnectionPool(host='asia.api.riotgames.com', port=443): Read timed out.
Request error: HTTPSConnectionPool(host='asia.api.riotgames.com', port=443): Read timed out.
Request error: HTTPSConnectionPool(host='asia.api.riotgames.com', port=443): Read timed out.
Request error: HTTPSConnectionPool(host='asia.api.riotgames.com', port=443): Read timed out. (read timeout=10)
Request error: HTTPSConnectionPool(host='asia.api.riotgames.com', port=443): Read timed out. (read timeout=10)
Request error: HTTPSConnectionPool(host='asia.api.riotgames.com', port=443): Read timed out.
Request error: HTTPSConnectionPool(host='asia.api.riotgames.com', port=443): Read timed out.
Request error: HTTPSConnectionPool(host='asia.api.riotgames.com', port=443): Read timed out. (read timeout=10)
Max retries exceeded for https://asia.api.riotgames.com/lol/match/v5/matches/KR_8285725049/timeline
Skipping KR_8285725049 — timeline fetch failed
Request error: HTTPSConnectionPool(host='asia.api.riotgames.com', port=443): Read timed out.
Request error: HTTPSConnectionPool(host='asia.api.riotgames.com', port=443): Read timed out. (read timeout=10)
Request error: HTTPSConnectionPool(host='asia.api.riotgames.com', port=443): Read timed out.
Request error: HTTPSConnectionPool(host='asia.api.riotgames.com', port=443): Read timed out. (read timeout=10)
Request error: HTTPSConnectionPool(host='asia.api.riotgames.com', port=443): Read timed out. (read timeout=10)
Request error: HTTPSConnectionPool(host='asia.api.riotgames.com', port=443): Read timed out. (read timeout=10)
Request error: HTTPSConnectionPool(host='asia.api.riotgames.com', port=443): Read timed out. (read timeout=10)
Request error: HTTPSConnectionPool(host='asia.api.riotgames.com', port=443): Read timed out. (read timeout=10)
Request error: HTTPSConnectionPool(host='asia.api.riotgames.com', port=443): Read timed out.
Request error: HTTPSConnectionPool(host='asia.api.riotgames.com', port=443): Read timed out.
Request error: HTTPSConnectionPool(host='asia.api.riotgames.com', port=443): Read timed out. (read timeout=10)
Request error: HTTPSConnectionPool(host='asia.api.riotgames.com', port=443): Read timed out. (read timeout=10)
Request error: HTTPSConnectionPool(host='asia.api.riotgames.com', port=443): Read timed out. (read timeout=10)
Max retries exceeded for https://asia.api.riotgames.com/lol/match/v5/matches/KR_8285478918/timeline
Skipping KR_8285478918 — timeline fetch failed
Request error: HTTPSConnectionPool(host='asia.api.riotgames.com', port=443): Read timed out.
Request error: HTTPSConnectionPool(host='asia.api.riotgames.com', port=443): Read timed out. (read timeout=10)
Request error: HTTPSConnectionPool(host='asia.api.riotgames.com', port=443): Read timed out.
Request error: HTTPSConnectionPool(host='asia.api.riotgames.com', port=443): Read timed out.
Request error: HTTPSConnectionPool(host='asia.api.riotgames.com', port=443): Read timed out. (read timeout=10)
Request error: HTTPSConnectionPool(host='asia.api.riotgames.com', port=443): Read timed out.
Request error: HTTPSConnectionPool(host='asia.api.riotgames.com', port=443): Read timed out. (read timeout=10)
Request error: HTTPSConnectionPool(host='asia.api.riotgames.com', port=443): Read timed out.
Request error: HTTPSConnectionPool(host='asia.api.riotgames.com', port=443): Read timed out. (read timeout=10)
Request error: HTTPSConnectionPool(host='asia.api.riotgames.com', port=443): Read timed out. (read timeout=10)
Request error: HTTPSConnectionPool(host='asia.api.riotgames.com', port=443): Read timed out.
Request error: HTTPSConnectionPool(host='asia.api.riotgames.com', port=443): Read timed out. (read timeout=10)
Request error: HTTPSConnectionPool(host='asia.api.riotgames.com', port=443): Read timed out. (read timeout=10)
Request error: HTTPSConnectionPool(host='asia.api.riotgames.com', port=443): Read timed out. (read timeout=10)
Request error: HTTPSConnectionPool(host='asia.api.riotgames.com', port=443): Read timed out.
Request error: HTTPSConnectionPool(host='asia.api.riotgames.com', port=443): Read timed out.
Request error: HTTPSConnectionPool(host='asia.api.riotgames.com', port=443): Read timed out. (read timeout=10)
Request error: HTTPSConnectionPool(host='asia.api.riotgames.com', port=443): Read timed out. (read timeout=10)
Request error: HTTPSConnectionPool(host='asia.api.riotgames.com', port=443): Read timed out.
Request error: HTTPSConnectionPool(host='asia.api.riotgames.com', port=443): Read timed out.
Max retries exceeded for https://asia.api.riotgames.com/lol/match/v5/matches/KR_8299154122/timeline
Skipping KR_8299154122 — timeline fetch failed
Request error: HTTPSConnectionPool(host='asia.api.riotgames.com', port=443): Read timed out. (read timeout=10)
Request error: HTTPSConnectionPool(host='asia.api.riotgames.com', port=443): Read timed out. (read timeout=10)
Request error: HTTPSConnectionPool(host='asia.api.riotgames.com', port=443): Read timed out.
Request error: HTTPSConnectionPool(host='asia.api.riotgames.com', port=443): Read timed out. (read timeout=10)
Request error: HTTPSConnectionPool(host='asia.api.riotgames.com', port=443): Read timed out. (read timeout=10)
Request error: HTTPSConnectionPool(host='asia.api.riotgames.com', port=443): Read timed out. (read timeout=10)
Request error: HTTPSConnectionPool(host='asia.api.riotgames.com', port=443): Read timed out.
Request error: HTTPSConnectionPool(host='asia.api.riotgames.com', port=443): Read timed out. (read timeout=10)
Request error: HTTPSConnectionPool(host='asia.api.riotgames.com', port=443): Read timed out. (read timeout=10)
Request error: HTTPSConnectionPool(host='asia.api.riotgames.com', port=443): Read timed out. (read timeout=10)
Request error: HTTPSConnectionPool(host='asia.api.riotgames.com', port=443): Read timed out.
Request error: HTTPSConnectionPool(host='asia.api.riotgames.com', port=443): Read timed out. (read timeout=10)
Request error: HTTPSConnectionPool(host='asia.api.riotgames.com', port=443): Read timed out.
Request error: HTTPSConnectionPool(host='asia.api.riotgames.com', port=443): Read timed out.
Request error: HTTPSConnectionPool(host='asia.api.riotgames.com', port=443): Read timed out.
Max retries exceeded for https://asia.api.riotgames.com/lol/match/v5/matches/KR_8297929834/timeline
Skipping KR_8297929834 — timeline fetch failed
Request error: HTTPSConnectionPool(host='asia.api.riotgames.com', port=443): Read timed out. (read timeout=10)
Request error: HTTPSConnectionPool(host='asia.api.riotgames.com', port=443): Read timed out.
Request error: HTTPSConnectionPool(host='asia.api.riotgames.com', port=443): Read timed out.
Request error: HTTPSConnectionPool(host='asia.api.riotgames.com', port=443): Read timed out. (read timeout=10)
Request error: HTTPSConnectionPool(host='asia.api.riotgames.com', port=443): Read timed out.
Request error: HTTPSConnectionPool(host='asia.api.riotgames.com', port=443): Read timed out.
Request error: HTTPSConnectionPool(host='asia.api.riotgames.com', port=443): Read timed out.
Max retries exceeded for https://asia.api.riotgames.com/lol/match/v5/matches/KR_8291291789/timeline
Skipping KR_8291291789 — timeline fetch failed
Request error: HTTPSConnectionPool(host='asia.api.riotgames.com', port=443): Read timed out.
Request error: HTTPSConnectionPool(host='asia.api.riotgames.com', port=443): Read timed out. (read timeout=10)
Request error: HTTPSConnectionPool(host='asia.api.riotgames.com', port=443): Read timed out. (read timeout=10)
Request error: HTTPSConnectionPool(host='asia.api.riotgames.com', port=443): Read timed out. (read timeout=10)
Request error: HTTPSConnectionPool(host='asia.api.riotgames.com', port=443): Read timed out.
Request error: HTTPSConnectionPool(host='asia.api.riotgames.com', port=443): Read timed out. (read timeout=10)
Request error: HTTPSConnectionPool(host='asia.api.riotgames.com', port=443): Read timed out. (read timeout=10)
Request error: HTTPSConnectionPool(host='asia.api.riotgames.com', port=443): Read timed out.
Request error: HTTPSConnectionPool(host='asia.api.riotgames.com', port=443): Read timed out.
Request error: HTTPSConnectionPool(host='asia.api.riotgames.com', port=443): Read timed out.
Request error: HTTPSConnectionPool(host='asia.api.riotgames.com', port=443): Read timed out. (read timeout=10)
Request error: HTTPSConnectionPool(host='asia.api.riotgames.com', port=443): Read timed out.
Request error: HTTPSConnectionPool(host='asia.api.riotgames.com', port=443): Read timed out.
Max retries exceeded for https://asia.api.riotgames.com/lol/match/v5/matches/KR_8290985017/timeline
Skipping KR_8290985017 — timeline fetch failed
Request error: HTTPSConnectionPool(host='asia.api.riotgames.com', port=443): Read timed out. (read timeout=10)
Request error: HTTPSConnectionPool(host='asia.api.riotgames.com', port=443): Read timed out.
Request error: HTTPSConnectionPool(host='asia.api.riotgames.com', port=443): Read timed out. (read timeout=10)
Request error: HTTPSConnectionPool(host='asia.api.riotgames.com', port=443): Read timed out.
Request error: HTTPSConnectionPool(host='asia.api.riotgames.com', port=443): Read timed out. (read timeout=10)
Request error: HTTPSConnectionPool(host='asia.api.riotgames.com', port=443): Read timed out.
Request error: HTTPSConnectionPool(host='asia.api.riotgames.com', port=443): Read timed out.
Request error: HTTPSConnectionPool(host='asia.api.riotgames.com', port=443): Read timed out.
Request error: HTTPSConnectionPool(host='asia.api.riotgames.com', port=443): Read timed out. (read timeout=10)
Max retries exceeded for https://asia.api.riotgames.com/lol/match/v5/matches/KR_8290049457/timeline
Skipping KR_8290049457 — timeline fetch failed
Request error: HTTPSConnectionPool(host='asia.api.riotgames.com', port=443): Read timed out. (read timeout=10)
Request error: HTTPSConnectionPool(host='asia.api.riotgames.com', port=443): Read timed out.
Request error: HTTPSConnectionPool(host='asia.api.riotgames.com', port=443): Read timed out.
Request error: HTTPSConnectionPool(host='asia.api.riotgames.com', port=443): Read timed out.
Request error: HTTPSConnectionPool(host='asia.api.riotgames.com', port=443): Read timed out. (read timeout=10)
Request error: HTTPSConnectionPool(host='asia.api.riotgames.com', port=443): Read timed out. (read timeout=10)
Request error: HTTPSConnectionPool(host='asia.api.riotgames.com', port=443): Read timed out. (read timeout=10)
Request error: HTTPSConnectionPool(host='asia.api.riotgames.com', port=443): Read timed out. (read timeout=10)
Request error: HTTPSConnectionPool(host='asia.api.riotgames.com', port=443): Read timed out.
Request error: HTTPSConnectionPool(host='asia.api.riotgames.com', port=443): Read timed out. (read timeout=10)
Request error: HTTPSConnectionPool(host='asia.api.riotgames.com', port=443): Read timed out. (read timeout=10)
Request error: HTTPSConnectionPool(host='asia.api.riotgames.com', port=443): Read timed out. (read timeout=10)
Request error: HTTPSConnectionPool(host='asia.api.riotgames.com', port=443): Read timed out.
Request error: HTTPSConnectionPool(host='asia.api.riotgames.com', port=443): Read timed out. (read timeout=10)
Request error: HTTPSConnectionPool(host='asia.api.riotgames.com', port=443): Read timed out. (read timeout=10)
Request error: HTTPSConnectionPool(host='asia.api.riotgames.com', port=443): Read timed out.
Request error: HTTPSConnectionPool(host='asia.api.riotgames.com', port=443): Read timed out.
Request error: HTTPSConnectionPool(host='asia.api.riotgames.com', port=443): Read timed out.
Request error: HTTPSConnectionPool(host='asia.api.riotgames.com', port=443): Read timed out.
Request error: HTTPSConnectionPool(host='asia.api.riotgames.com', port=443): Read timed out. (read timeout=10)
Max retries exceeded for https://asia.api.riotgames.com/lol/match/v5/matches/KR_8298316326/timeline
Skipping KR_8298316326 — timeline fetch failed
Request error: HTTPSConnectionPool(host='asia.api.riotgames.com', port=443): Read timed out. (read timeout=10)
Request error: HTTPSConnectionPool(host='asia.api.riotgames.com', port=443): Read timed out. (read timeout=10)
Request error: HTTPSConnectionPool(host='asia.api.riotgames.com', port=443): Read timed out.
Request error: HTTPSConnectionPool(host='asia.api.riotgames.com', port=443): Read timed out. (read timeout=10)
Request error: HTTPSConnectionPool(host='asia.api.riotgames.com', port=443): Read timed out.
Max retries exceeded for https://asia.api.riotgames.com/lol/match/v5/matches/KR_8298252728/timeline
Skipping KR_8298252728 — timeline fetch failed
Request error: HTTPSConnectionPool(host='asia.api.riotgames.com', port=443): Read timed out. (read timeout=10)
Request error: HTTPSConnectionPool(host='asia.api.riotgames.com', port=443): Read timed out. (read timeout=10)
Request error: HTTPSConnectionPool(host='asia.api.riotgames.com', port=443): Read timed out.
Request error: HTTPSConnectionPool(host='asia.api.riotgames.com', port=443): Read timed out.
Request error: HTTPSConnectionPool(host='asia.api.riotgames.com', port=443): Read timed out. (read timeout=10)
Request error: HTTPSConnectionPool(host='asia.api.riotgames.com', port=443): Read timed out. (read timeout=10)
Request error: HTTPSConnectionPool(host='asia.api.riotgames.com', port=443): Read timed out.
Request error: HTTPSConnectionPool(host='asia.api.riotgames.com', port=443): Read timed out.
Request error: HTTPSConnectionPool(host='asia.api.riotgames.com', port=443): Read timed out.
Request error: HTTPSConnectionPool(host='asia.api.riotgames.com', port=443): Read timed out.
Request error: HTTPSConnectionPool(host='asia.api.riotgames.com', port=443): Read timed out.
Max retries exceeded for https://asia.api.riotgames.com/lol/match/v5/matches/KR_8295881775/timeline
Skipping KR_8295881775 — timeline fetch failed
Request error: HTTPSConnectionPool(host='asia.api.riotgames.com', port=443): Read timed out. (read timeout=10)
Request error: HTTPSConnectionPool(host='asia.api.riotgames.com', port=443): Read timed out.
Request error: HTTPSConnectionPool(host='asia.api.riotgames.com', port=443): Read timed out.
Request error: HTTPSConnectionPool(host='asia.api.riotgames.com', port=443): Read timed out.
Request error: HTTPSConnectionPool(host='asia.api.riotgames.com', port=443): Read timed out. (read timeout=10)
Max retries exceeded for https://asia.api.riotgames.com/lol/match/v5/matches/KR_8292704654/timeline
Skipping KR_8292704654 — timeline fetch failed
Request error: HTTPSConnectionPool(host='asia.api.riotgames.com', port=443): Read timed out.
Request error: HTTPSConnectionPool(host='asia.api.riotgames.com', port=443): Read timed out.
Request error: HTTPSConnectionPool(host='asia.api.riotgames.com', port=443): Read timed out. (read timeout=10)
Request error: HTTPSConnectionPool(host='asia.api.riotgames.com', port=443): Read timed out.
Request error: HTTPSConnectionPool(host='asia.api.riotgames.com', port=443): Read timed out. (read timeout=10)
Request error: HTTPSConnectionPool(host='asia.api.riotgames.com', port=443): Read timed out. (read timeout=10)
Request error: HTTPSConnectionPool(host='asia.api.riotgames.com', port=443): Read timed out. (read timeout=10)
Max retries exceeded for https://asia.api.riotgames.com/lol/match/v5/matches/KR_8292587980/timeline
Skipping KR_8292587980 — timeline fetch failed
Checkpoint: 4500 matches collected
Request error: HTTPSConnectionPool(host='asia.api.riotgames.com', port=443): Read timed out. (read timeout=10)
Request error: HTTPSConnectionPool(host='asia.api.riotgames.com', port=443): Read timed out. (read timeout=10)
Request error: HTTPSConnectionPool(host='asia.api.riotgames.com', port=443): Read timed out.
Request error: HTTPSConnectionPool(host='asia.api.riotgames.com', port=443): Read timed out. (read timeout=10)
Request error: HTTPSConnectionPool(host='asia.api.riotgames.com', port=443): Read timed out. (read timeout=10)
Request error: HTTPSConnectionPool(host='asia.api.riotgames.com', port=443): Read timed out. (read timeout=10)
Request error: HTTPSConnectionPool(host='asia.api.riotgames.com', port=443): Read timed out. (read timeout=10)
Request error: HTTPSConnectionPool(host='asia.api.riotgames.com', port=443): Read timed out. (read timeout=10)
Request error: HTTPSConnectionPool(host='asia.api.riotgames.com', port=443): Read timed out. (read timeout=10)
Request error: HTTPSConnectionPool(host='asia.api.riotgames.com', port=443): Read timed out. (read timeout=10)
Request error: HTTPSConnectionPool(host='asia.api.riotgames.com', port=443): Read timed out.
Max retries exceeded for https://asia.api.riotgames.com/lol/match/v5/matches/KR_8288450106
Skipping KR_8288450106 — match detail fetch failed
Request error: HTTPSConnectionPool(host='asia.api.riotgames.com', port=443): Read timed out.
Request error: HTTPSConnectionPool(host='asia.api.riotgames.com', port=443): Read timed out.
Request error: HTTPSConnectionPool(host='asia.api.riotgames.com', port=443): Read timed out. (read timeout=10)
Request error: HTTPSConnectionPool(host='asia.api.riotgames.com', port=443): Read timed out.
Request error: HTTPSConnectionPool(host='asia.api.riotgames.com', port=443): Read timed out. (read timeout=10)
Request error: HTTPSConnectionPool(host='asia.api.riotgames.com', port=443): Read timed out. (read timeout=10)
Request error: HTTPSConnectionPool(host='asia.api.riotgames.com', port=443): Read timed out.
Request error: HTTPSConnectionPool(host='asia.api.riotgames.com', port=443): Read timed out.
Request error: HTTPSConnectionPool(host='asia.api.riotgames.com', port=443): Read timed out. (read timeout=10)
Request error: HTTPSConnectionPool(host='asia.api.riotgames.com', port=443): Read timed out.
Request error: HTTPSConnectionPool(host='asia.api.riotgames.com', port=443): Read timed out. (read timeout=10)
Request error: HTTPSConnectionPool(host='asia.api.riotgames.com', port=443): Read timed out.
Request error: HTTPSConnectionPool(host='asia.api.riotgames.com', port=443): Read timed out. (read timeout=10)
Request error: HTTPSConnectionPool(host='asia.api.riotgames.com', port=443): Read timed out.
Request error: HTTPSConnectionPool(host='asia.api.riotgames.com', port=443): Read timed out.
Request error: HTTPSConnectionPool(host='asia.api.riotgames.com', port=443): Read timed out.
Max retries exceeded for https://asia.api.riotgames.com/lol/match/v5/matches/KR_8289708317/timeline
Skipping KR_8289708317 — timeline fetch failed
Request error: HTTPSConnectionPool(host='asia.api.riotgames.com', port=443): Read timed out. (read timeout=10)
Request error: HTTPSConnectionPool(host='asia.api.riotgames.com', port=443): Read timed out. (read timeout=10)
Request error: HTTPSConnectionPool(host='asia.api.riotgames.com', port=443): Read timed out. (read timeout=10)
Request error: HTTPSConnectionPool(host='asia.api.riotgames.com', port=443): Read timed out.
Request error: HTTPSConnectionPool(host='asia.api.riotgames.com', port=443): Read timed out. (read timeout=10)
Max retries exceeded for https://asia.api.riotgames.com/lol/match/v5/matches/KR_8288530659/timeline
Skipping KR_8288530659 — timeline fetch failed
Request error: HTTPSConnectionPool(host='asia.api.riotgames.com', port=443): Read timed out.
Request error: HTTPSConnectionPool(host='asia.api.riotgames.com', port=443): Read timed out.
Request error: HTTPSConnectionPool(host='asia.api.riotgames.com', port=443): Read timed out. (read timeout=10)
Request error: HTTPSConnectionPool(host='asia.api.riotgames.com', port=443): Read timed out.
Request error: HTTPSConnectionPool(host='asia.api.riotgames.com', port=443): Read timed out. (read timeout=10)
Request error: HTTPSConnectionPool(host='asia.api.riotgames.com', port=443): Read timed out.
Request error: HTTPSConnectionPool(host='asia.api.riotgames.com', port=443): Read timed out. (read timeout=10)
Request error: HTTPSConnectionPool(host='asia.api.riotgames.com', port=443): Read timed out. (read timeout=10)
Request error: HTTPSConnectionPool(host='asia.api.riotgames.com', port=443): Read timed out.
Request error: HTTPSConnectionPool(host='asia.api.riotgames.com', port=443): Read timed out.
Max retries exceeded for https://asia.api.riotgames.com/lol/match/v5/matches/KR_8288060528/timeline
Skipping KR_8288060528 — timeline fetch failed
Request error: HTTPSConnectionPool(host='asia.api.riotgames.com', port=443): Read timed out. (read timeout=10)
Request error: HTTPSConnectionPool(host='asia.api.riotgames.com', port=443): Read timed out. (read timeout=10)
Request error: HTTPSConnectionPool(host='asia.api.riotgames.com', port=443): Read timed out. (read timeout=10)
Request error: HTTPSConnectionPool(host='asia.api.riotgames.com', port=443): Read timed out.
Request error: HTTPSConnectionPool(host='asia.api.riotgames.com', port=443): Read timed out.
Request error: HTTPSConnectionPool(host='asia.api.riotgames.com', port=443): Read timed out. (read timeout=10)
Request error: HTTPSConnectionPool(host='asia.api.riotgames.com', port=443): Read timed out. (read timeout=10)
Request error: HTTPSConnectionPool(host='asia.api.riotgames.com', port=443): Read timed out. (read timeout=10)
Request error: HTTPSConnectionPool(host='asia.api.riotgames.com', port=443): Read timed out.
Request error: HTTPSConnectionPool(host='asia.api.riotgames.com', port=443): Read timed out. (read timeout=10)
Request error: HTTPSConnectionPool(host='asia.api.riotgames.com', port=443): Read timed out.
Request error: HTTPSConnectionPool(host='asia.api.riotgames.com', port=443): Read timed out. (read timeout=10)
Request error: HTTPSConnectionPool(host='asia.api.riotgames.com', port=443): Read timed out. (read timeout=10)
Request error: HTTPSConnectionPool(host='asia.api.riotgames.com', port=443): Read timed out.
Request error: HTTPSConnectionPool(host='asia.api.riotgames.com', port=443): Read timed out.
Request error: HTTPSConnectionPool(host='asia.api.riotgames.com', port=443): Read timed out. (read timeout=10)
Request error: HTTPSConnectionPool(host='asia.api.riotgames.com', port=443): Read timed out.
Request error: HTTPSConnectionPool(host='asia.api.riotgames.com', port=443): Read timed out. (read timeout=10)
Request error: HTTPSConnectionPool(host='asia.api.riotgames.com', port=443): Read timed out.
Max retries exceeded for https://asia.api.riotgames.com/lol/match/v5/matches/KR_8288999048/timeline
Skipping KR_8288999048 — timeline fetch failed
Request error: HTTPSConnectionPool(host='asia.api.riotgames.com', port=443): Read timed out.
Request error: HTTPSConnectionPool(host='asia.api.riotgames.com', port=443): Read timed out. (read timeout=10)
Request error: HTTPSConnectionPool(host='asia.api.riotgames.com', port=443): Read timed out. (read timeout=10)
Request error: HTTPSConnectionPool(host='asia.api.riotgames.com', port=443): Read timed out. (read timeout=10)
Request error: HTTPSConnectionPool(host='asia.api.riotgames.com', port=443): Read timed out. (read timeout=10)
Request error: HTTPSConnectionPool(host='asia.api.riotgames.com', port=443): Read timed out.
Request error: HTTPSConnectionPool(host='asia.api.riotgames.com', port=443): Read timed out.
Request error: HTTPSConnectionPool(host='asia.api.riotgames.com', port=443): Read timed out.
Request error: HTTPSConnectionPool(host='asia.api.riotgames.com', port=443): Read timed out. (read timeout=10)
Max retries exceeded for https://asia.api.riotgames.com/lol/match/v5/matches/KR_8287909326/timeline
Skipping KR_8287909326 — timeline fetch failed
Request error: HTTPSConnectionPool(host='asia.api.riotgames.com', port=443): Read timed out.
Request error: HTTPSConnectionPool(host='asia.api.riotgames.com', port=443): Read timed out.
Request error: HTTPSConnectionPool(host='asia.api.riotgames.com', port=443): Read timed out. (read timeout=10)
Request error: HTTPSConnectionPool(host='asia.api.riotgames.com', port=443): Read timed out.
Request error: HTTPSConnectionPool(host='asia.api.riotgames.com', port=443): Read timed out. (read timeout=10)
Request error: HTTPSConnectionPool(host='asia.api.riotgames.com', port=443): Read timed out.
Request error: HTTPSConnectionPool(host='asia.api.riotgames.com', port=443): Read timed out. (read timeout=10)
Request error: HTTPSConnectionPool(host='asia.api.riotgames.com', port=443): Read timed out. (read timeout=10)
Request error: HTTPSConnectionPool(host='asia.api.riotgames.com', port=443): Read timed out.
Request error: HTTPSConnectionPool(host='asia.api.riotgames.com', port=443): Read timed out.
Request error: HTTPSConnectionPool(host='asia.api.riotgames.com', port=443): Read timed out.
Request error: HTTPSConnectionPool(host='asia.api.riotgames.com', port=443): Read timed out. (read timeout=10)
Request error: HTTPSConnectionPool(host='asia.api.riotgames.com', port=443): Read timed out.
Max retries exceeded for https://asia.api.riotgames.com/lol/match/v5/matches/KR_8286493929/timeline
Skipping KR_8286493929 — timeline fetch failed
Request error: HTTPSConnectionPool(host='asia.api.riotgames.com', port=443): Read timed out. (read timeout=10)
Request error: HTTPSConnectionPool(host='asia.api.riotgames.com', port=443): Read timed out. (read timeout=10)
Request error: HTTPSConnectionPool(host='asia.api.riotgames.com', port=443): Read timed out.
Request error: HTTPSConnectionPool(host='asia.api.riotgames.com', port=443): Read timed out.
Request error: HTTPSConnectionPool(host='asia.api.riotgames.com', port=443): Read timed out. (read timeout=10)
Request error: HTTPSConnectionPool(host='asia.api.riotgames.com', port=443): Read timed out. (read timeout=10)
Request error: HTTPSConnectionPool(host='asia.api.riotgames.com', port=443): Read timed out.
Request error: HTTPSConnectionPool(host='asia.api.riotgames.com', port=443): Read timed out. (read timeout=10)
Request error: HTTPSConnectionPool(host='asia.api.riotgames.com', port=443): Read timed out.
Request error: HTTPSConnectionPool(host='asia.api.riotgames.com', port=443): Read timed out. (read timeout=10)
Max retries exceeded for https://asia.api.riotgames.com/lol/match/v5/matches/KR_8279625929/timeline
Skipping KR_8279625929 — timeline fetch failed
Request error: HTTPSConnectionPool(host='asia.api.riotgames.com', port=443): Read timed out. (read timeout=10)
Request error: HTTPSConnectionPool(host='asia.api.riotgames.com', port=443): Read timed out.
Request error: HTTPSConnectionPool(host='asia.api.riotgames.com', port=443): Read timed out. (read timeout=10)
Request error: HTTPSConnectionPool(host='asia.api.riotgames.com', port=443): Read timed out. (read timeout=10)
Request error: HTTPSConnectionPool(host='asia.api.riotgames.com', port=443): Read timed out.
Request error: HTTPSConnectionPool(host='asia.api.riotgames.com', port=443): Read timed out. (read timeout=10)
Request error: HTTPSConnectionPool(host='asia.api.riotgames.com', port=443): Read timed out. (read timeout=10)
Request error: HTTPSConnectionPool(host='asia.api.riotgames.com', port=443): Read timed out. (read timeout=10)
Request error: HTTPSConnectionPool(host='asia.api.riotgames.com', port=443): Read timed out.
Request error: HTTPSConnectionPool(host='asia.api.riotgames.com', port=443): Read timed out. (read timeout=10)
Request error: HTTPSConnectionPool(host='asia.api.riotgames.com', port=443): Read timed out.
Request error: HTTPSConnectionPool(host='asia.api.riotgames.com', port=443): Read timed out. (read timeout=10)
Request error: HTTPSConnectionPool(host='asia.api.riotgames.com', port=443): Read timed out.
Max retries exceeded for https://asia.api.riotgames.com/lol/match/v5/matches/KR_8296462395/timeline
Skipping KR_8296462395 — timeline fetch failed
Request error: HTTPSConnectionPool(host='asia.api.riotgames.com', port=443): Read timed out.
Request error: HTTPSConnectionPool(host='asia.api.riotgames.com', port=443): Read timed out.
Request error: HTTPSConnectionPool(host='asia.api.riotgames.com', port=443): Read timed out. (read timeout=10)
Request error: HTTPSConnectionPool(host='asia.api.riotgames.com', port=443): Read timed out.
Request error: HTTPSConnectionPool(host='asia.api.riotgames.com', port=443): Read timed out.
Request error: HTTPSConnectionPool(host='asia.api.riotgames.com', port=443): Read timed out. (read timeout=10)
Request error: HTTPSConnectionPool(host='asia.api.riotgames.com', port=443): Read timed out.
Request error: HTTPSConnectionPool(host='asia.api.riotgames.com', port=443): Read timed out. (read timeout=10)
Request error: HTTPSConnectionPool(host='asia.api.riotgames.com', port=443): Read timed out.
Request error: HTTPSConnectionPool(host='asia.api.riotgames.com', port=443): Read timed out.
Request error: HTTPSConnectionPool(host='asia.api.riotgames.com', port=443): Read timed out.
Request error: HTTPSConnectionPool(host='asia.api.riotgames.com', port=443): Read timed out. (read timeout=10)
Request error: HTTPSConnectionPool(host='asia.api.riotgames.com', port=443): Read timed out.
Max retries exceeded for https://asia.api.riotgames.com/lol/match/v5/matches/KR_8284021537/timeline
Skipping KR_8284021537 — timeline fetch failed
Request error: HTTPSConnectionPool(host='asia.api.riotgames.com', port=443): Read timed out. (read timeout=10)
Request error: HTTPSConnectionPool(host='asia.api.riotgames.com', port=443): Read timed out. (read timeout=10)
Request error: HTTPSConnectionPool(host='asia.api.riotgames.com', port=443): Read timed out.
Request error: HTTPSConnectionPool(host='asia.api.riotgames.com', port=443): Read timed out. (read timeout=10)
Request error: HTTPSConnectionPool(host='asia.api.riotgames.com', port=443): Read timed out.
Request error: HTTPSConnectionPool(host='asia.api.riotgames.com', port=443): Read timed out.
Request error: HTTPSConnectionPool(host='asia.api.riotgames.com', port=443): Read timed out.
Request error: HTTPSConnectionPool(host='asia.api.riotgames.com', port=443): Read timed out. (read timeout=10)
Max retries exceeded for https://asia.api.riotgames.com/lol/match/v5/matches/KR_8276309856/timeline
Skipping KR_8276309856 — timeline fetch failed
Request error: HTTPSConnectionPool(host='asia.api.riotgames.com', port=443): Read timed out. (read timeout=10)
Request error: HTTPSConnectionPool(host='asia.api.riotgames.com', port=443): Read timed out. (read timeout=10)
Request error: HTTPSConnectionPool(host='asia.api.riotgames.com', port=443): Read timed out.
Request error: HTTPSConnectionPool(host='asia.api.riotgames.com', port=443): Read timed out.
Request error: HTTPSConnectionPool(host='asia.api.riotgames.com', port=443): Read timed out. (read timeout=10)
Request error: HTTPSConnectionPool(host='asia.api.riotgames.com', port=443): Read timed out.
Request error: HTTPSConnectionPool(host='asia.api.riotgames.com', port=443): Read timed out.
Max retries exceeded for https://asia.api.riotgames.com/lol/match/v5/matches/KR_8303883442/timeline
Skipping KR_8303883442 — timeline fetch failed
Request error: HTTPSConnectionPool(host='asia.api.riotgames.com', port=443): Read timed out. (read timeout=10)
Request error: HTTPSConnectionPool(host='asia.api.riotgames.com', port=443): Read timed out. (read timeout=10)
Request error: HTTPSConnectionPool(host='asia.api.riotgames.com', port=443): Read timed out.
Request error: HTTPSConnectionPool(host='asia.api.riotgames.com', port=443): Read timed out.
Request error: HTTPSConnectionPool(host='asia.api.riotgames.com', port=443): Read timed out.
Request error: HTTPSConnectionPool(host='asia.api.riotgames.com', port=443): Read timed out.
Request error: HTTPSConnectionPool(host='asia.api.riotgames.com', port=443): Read timed out. (read timeout=10)
Max retries exceeded for https://asia.api.riotgames.com/lol/match/v5/matches/KR_8303004404/timeline
Skipping KR_8303004404 — timeline fetch failed
Request error: HTTPSConnectionPool(host='asia.api.riotgames.com', port=443): Read timed out.
Request error: HTTPSConnectionPool(host='asia.api.riotgames.com', port=443): Read timed out. (read timeout=10)
Request error: HTTPSConnectionPool(host='asia.api.riotgames.com', port=443): Read timed out.
Request error: HTTPSConnectionPool(host='asia.api.riotgames.com', port=443): Read timed out.
Request error: HTTPSConnectionPool(host='asia.api.riotgames.com', port=443): Read timed out. (read timeout=10)
Request error: HTTPSConnectionPool(host='asia.api.riotgames.com', port=443): Read timed out.
Request error: HTTPSConnectionPool(host='asia.api.riotgames.com', port=443): Read timed out. (read timeout=10)
Request error: HTTPSConnectionPool(host='asia.api.riotgames.com', port=443): Read timed out. (read timeout=10)
Request error: HTTPSConnectionPool(host='asia.api.riotgames.com', port=443): Read timed out.
Request error: HTTPSConnectionPool(host='asia.api.riotgames.com', port=443): Read timed out.
Request error: HTTPSConnectionPool(host='asia.api.riotgames.com', port=443): Read timed out.
Request error: HTTPSConnectionPool(host='asia.api.riotgames.com', port=443): Read timed out.
Request error: HTTPSConnectionPool(host='asia.api.riotgames.com', port=443): Read timed out. (read timeout=10)
Request error: HTTPSConnectionPool(host='asia.api.riotgames.com', port=443): Read timed out. (read timeout=10)
Request error: HTTPSConnectionPool(host='asia.api.riotgames.com', port=443): Read timed out.
Request error: HTTPSConnectionPool(host='asia.api.riotgames.com', port=443): Read timed out.
Max retries exceeded for https://asia.api.riotgames.com/lol/match/v5/matches/KR_8299987952/timeline
Skipping KR_8299987952 — timeline fetch failed
Request error: HTTPSConnectionPool(host='asia.api.riotgames.com', port=443): Read timed out.
Request error: HTTPSConnectionPool(host='asia.api.riotgames.com', port=443): Read timed out.
Request error: HTTPSConnectionPool(host='asia.api.riotgames.com', port=443): Read timed out. (read timeout=10)
Request error: HTTPSConnectionPool(host='asia.api.riotgames.com', port=443): Read timed out. (read timeout=10)
Request error: HTTPSConnectionPool(host='asia.api.riotgames.com', port=443): Read timed out. (read timeout=10)
Request error: HTTPSConnectionPool(host='asia.api.riotgames.com', port=443): Read timed out.
Request error: HTTPSConnectionPool(host='asia.api.riotgames.com', port=443): Read timed out.
Request error: HTTPSConnectionPool(host='asia.api.riotgames.com', port=443): Read timed out. (read timeout=10)
Request error: HTTPSConnectionPool(host='asia.api.riotgames.com', port=443): Read timed out. (read timeout=10)
Request error: HTTPSConnectionPool(host='asia.api.riotgames.com', port=443): Read timed out.
Request error: HTTPSConnectionPool(host='asia.api.riotgames.com', port=443): Read timed out. (read timeout=10)
Request error: HTTPSConnectionPool(host='asia.api.riotgames.com', port=443): Read timed out. (read timeout=10)
Request error: HTTPSConnectionPool(host='asia.api.riotgames.com', port=443): Read timed out.
Request error: HTTPSConnectionPool(host='asia.api.riotgames.com', port=443): Read timed out. (read timeout=10)
Request error: HTTPSConnectionPool(host='asia.api.riotgames.com', port=443): Read timed out. (read timeout=10)
Max retries exceeded for https://asia.api.riotgames.com/lol/match/v5/matches/KR_8295328716/timeline
Skipping KR_8295328716 — timeline fetch failed
Request error: HTTPSConnectionPool(host='asia.api.riotgames.com', port=443): Read timed out. (read timeout=10)
Request error: HTTPSConnectionPool(host='asia.api.riotgames.com', port=443): Read timed out. (read timeout=10)
Request error: HTTPSConnectionPool(host='asia.api.riotgames.com', port=443): Read timed out. (read timeout=10)
Request error: HTTPSConnectionPool(host='asia.api.riotgames.com', port=443): Read timed out. (read timeout=10)
Request error: HTTPSConnectionPool(host='asia.api.riotgames.com', port=443): Read timed out. (read timeout=10)
Max retries exceeded for https://asia.api.riotgames.com/lol/match/v5/matches/KR_8295254085
Skipping KR_8295254085 — match detail fetch failed
Request error: HTTPSConnectionPool(host='asia.api.riotgames.com', port=443): Read timed out. (read timeout=10)
Request error: HTTPSConnectionPool(host='asia.api.riotgames.com', port=443): Read timed out. (read timeout=10)
Request error: HTTPSConnectionPool(host='asia.api.riotgames.com', port=443): Read timed out. (read timeout=10)
Request error: HTTPSConnectionPool(host='asia.api.riotgames.com', port=443): Read timed out.
Request error: HTTPSConnectionPool(host='asia.api.riotgames.com', port=443): Read timed out.
Max retries exceeded for https://asia.api.riotgames.com/lol/match/v5/matches/KR_8293746407/timeline
Skipping KR_8293746407 — timeline fetch failed
Request error: HTTPSConnectionPool(host='asia.api.riotgames.com', port=443): Read timed out. (read timeout=10)
Request error: HTTPSConnectionPool(host='asia.api.riotgames.com', port=443): Read timed out. (read timeout=10)
Request error: HTTPSConnectionPool(host='asia.api.riotgames.com', port=443): Read timed out.
Request error: HTTPSConnectionPool(host='asia.api.riotgames.com', port=443): Read timed out.
Request error: HTTPSConnectionPool(host='asia.api.riotgames.com', port=443): Read timed out. (read timeout=10)
Request error: HTTPSConnectionPool(host='asia.api.riotgames.com', port=443): Read timed out. (read timeout=10)
Request error: HTTPSConnectionPool(host='asia.api.riotgames.com', port=443): Read timed out.
Request error: HTTPSConnectionPool(host='asia.api.riotgames.com', port=443): Read timed out.
Request error: HTTPSConnectionPool(host='asia.api.riotgames.com', port=443): Read timed out. (read timeout=10)
Request error: HTTPSConnectionPool(host='asia.api.riotgames.com', port=443): Read timed out.
Request error: HTTPSConnectionPool(host='asia.api.riotgames.com', port=443): Read timed out. (read timeout=10)
Request error: HTTPSConnectionPool(host='asia.api.riotgames.com', port=443): Read timed out. (read timeout=10)
Request error: HTTPSConnectionPool(host='asia.api.riotgames.com', port=443): Read timed out.
Request error: HTTPSConnectionPool(host='asia.api.riotgames.com', port=443): Read timed out.
Request error: HTTPSConnectionPool(host='asia.api.riotgames.com', port=443): Read timed out.
Request error: HTTPSConnectionPool(host='asia.api.riotgames.com', port=443): Read timed out. (read timeout=10)
Request error: HTTPSConnectionPool(host='asia.api.riotgames.com', port=443): Read timed out.
Request error: HTTPSConnectionPool(host='asia.api.riotgames.com', port=443): Read timed out.
Request error: HTTPSConnectionPool(host='asia.api.riotgames.com', port=443): Read timed out.
Max retries exceeded for https://asia.api.riotgames.com/lol/match/v5/matches/KR_8275329526/timeline
Skipping KR_8275329526 — timeline fetch failed
Request error: HTTPSConnectionPool(host='asia.api.riotgames.com', port=443): Read timed out.
Request error: HTTPSConnectionPool(host='asia.api.riotgames.com', port=443): Read timed out.
Request error: HTTPSConnectionPool(host='asia.api.riotgames.com', port=443): Read timed out. (read timeout=10)
Request error: HTTPSConnectionPool(host='asia.api.riotgames.com', port=443): Read timed out.
Request error: HTTPSConnectionPool(host='asia.api.riotgames.com', port=443): Read timed out. (read timeout=10)
Request error: HTTPSConnectionPool(host='asia.api.riotgames.com', port=443): Read timed out.
Request error: HTTPSConnectionPool(host='asia.api.riotgames.com', port=443): Read timed out.
Request error: HTTPSConnectionPool(host='asia.api.riotgames.com', port=443): Read timed out. (read timeout=10)
Request error: HTTPSConnectionPool(host='asia.api.riotgames.com', port=443): Read timed out.
Request error: HTTPSConnectionPool(host='asia.api.riotgames.com', port=443): Read timed out.
Max retries exceeded for https://asia.api.riotgames.com/lol/match/v5/matches/KR_8304001937/timeline
Skipping KR_8304001937 — timeline fetch failed
Request error: HTTPSConnectionPool(host='asia.api.riotgames.com', port=443): Read timed out.
Request error: HTTPSConnectionPool(host='asia.api.riotgames.com', port=443): Read timed out. (read timeout=10)
Request error: HTTPSConnectionPool(host='asia.api.riotgames.com', port=443): Read timed out.
Request error: HTTPSConnectionPool(host='asia.api.riotgames.com', port=443): Read timed out. (read timeout=10)
Request error: HTTPSConnectionPool(host='asia.api.riotgames.com', port=443): Read timed out. (read timeout=10)
Request error: HTTPSConnectionPool(host='asia.api.riotgames.com', port=443): Read timed out.
Request error: HTTPSConnectionPool(host='asia.api.riotgames.com', port=443): Read timed out. (read timeout=10)
Request error: HTTPSConnectionPool(host='asia.api.riotgames.com', port=443): Read timed out.
Request error: HTTPSConnectionPool(host='asia.api.riotgames.com', port=443): Read timed out.
Max retries exceeded for https://asia.api.riotgames.com/lol/match/v5/matches/KR_8303862908/timeline
Skipping KR_8303862908 — timeline fetch failed
Request error: HTTPSConnectionPool(host='asia.api.riotgames.com', port=443): Read timed out. (read timeout=10)
Request error: HTTPSConnectionPool(host='asia.api.riotgames.com', port=443): Read timed out.
Request error: HTTPSConnectionPool(host='asia.api.riotgames.com', port=443): Read timed out. (read timeout=10)
Request error: HTTPSConnectionPool(host='asia.api.riotgames.com', port=443): Read timed out.
Request error: HTTPSConnectionPool(host='asia.api.riotgames.com', port=443): Read timed out. (read timeout=10)
Request error: HTTPSConnectionPool(host='asia.api.riotgames.com', port=443): Read timed out.
Request error: HTTPSConnectionPool(host='asia.api.riotgames.com', port=443): Read timed out. (read timeout=10)
Request error: HTTPSConnectionPool(host='asia.api.riotgames.com', port=443): Read timed out.
Request error: HTTPSConnectionPool(host='asia.api.riotgames.com', port=443): Read timed out.
Request error: HTTPSConnectionPool(host='asia.api.riotgames.com', port=443): Read timed out. (read timeout=10)
Request error: HTTPSConnectionPool(host='asia.api.riotgames.com', port=443): Read timed out. (read timeout=10)
Request error: HTTPSConnectionPool(host='asia.api.riotgames.com', port=443): Read timed out. (read timeout=10)
Request error: HTTPSConnectionPool(host='asia.api.riotgames.com', port=443): Read timed out.
Request error: HTTPSConnectionPool(host='asia.api.riotgames.com', port=443): Read timed out.
Request error: HTTPSConnectionPool(host='asia.api.riotgames.com', port=443): Read timed out.
Request error: HTTPSConnectionPool(host='asia.api.riotgames.com', port=443): Read timed out.
Request error: HTTPSConnectionPool(host='asia.api.riotgames.com', port=443): Read timed out. (read timeout=10)
Request error: HTTPSConnectionPool(host='asia.api.riotgames.com', port=443): Read timed out.
Max retries exceeded for https://asia.api.riotgames.com/lol/match/v5/matches/KR_8303371414/timeline
Skipping KR_8303371414 — timeline fetch failed
Request error: HTTPSConnectionPool(host='asia.api.riotgames.com', port=443): Read timed out.
Request error: HTTPSConnectionPool(host='asia.api.riotgames.com', port=443): Read timed out. (read timeout=10)
Request error: HTTPSConnectionPool(host='asia.api.riotgames.com', port=443): Read timed out. (read timeout=10)
Request error: HTTPSConnectionPool(host='asia.api.riotgames.com', port=443): Read timed out. (read timeout=10)
Request error: HTTPSConnectionPool(host='asia.api.riotgames.com', port=443): Read timed out. (read timeout=10)
Request error: HTTPSConnectionPool(host='asia.api.riotgames.com', port=443): Read timed out. (read timeout=10)
Request error: HTTPSConnectionPool(host='asia.api.riotgames.com', port=443): Read timed out.
Request error: HTTPSConnectionPool(host='asia.api.riotgames.com', port=443): Read timed out.
Request error: HTTPSConnectionPool(host='asia.api.riotgames.com', port=443): Read timed out.
Max retries exceeded for https://asia.api.riotgames.com/lol/match/v5/matches/KR_8302712180/timeline
Skipping KR_8302712180 — timeline fetch failed
Request error: HTTPSConnectionPool(host='asia.api.riotgames.com', port=443): Read timed out.
Request error: HTTPSConnectionPool(host='asia.api.riotgames.com', port=443): Read timed out.
Request error: HTTPSConnectionPool(host='asia.api.riotgames.com', port=443): Read timed out. (read timeout=10)
Request error: HTTPSConnectionPool(host='asia.api.riotgames.com', port=443): Read timed out.
Request error: HTTPSConnectionPool(host='asia.api.riotgames.com', port=443): Read timed out.
Request error: HTTPSConnectionPool(host='asia.api.riotgames.com', port=443): Read timed out.
Request error: HTTPSConnectionPool(host='asia.api.riotgames.com', port=443): Read timed out. (read timeout=10)
Request error: HTTPSConnectionPool(host='asia.api.riotgames.com', port=443): Read timed out.
Request error: HTTPSConnectionPool(host='asia.api.riotgames.com', port=443): Read timed out.
Request error: HTTPSConnectionPool(host='asia.api.riotgames.com', port=443): Read timed out. (read timeout=10)
Request error: HTTPSConnectionPool(host='asia.api.riotgames.com', port=443): Read timed out. (read timeout=10)
Request error: HTTPSConnectionPool(host='asia.api.riotgames.com', port=443): Read timed out.
Max retries exceeded for https://asia.api.riotgames.com/lol/match/v5/matches/KR_8302364763/timeline
Skipping KR_8302364763 — timeline fetch failed
Request error: HTTPSConnectionPool(host='asia.api.riotgames.com', port=443): Read timed out.
Request error: HTTPSConnectionPool(host='asia.api.riotgames.com', port=443): Read timed out.
Request error: HTTPSConnectionPool(host='asia.api.riotgames.com', port=443): Read timed out. (read timeout=10)
Request error: HTTPSConnectionPool(host='asia.api.riotgames.com', port=443): Read timed out.
Request error: HTTPSConnectionPool(host='asia.api.riotgames.com', port=443): Read timed out.
Request error: HTTPSConnectionPool(host='asia.api.riotgames.com', port=443): Read timed out. (read timeout=10)
Request error: HTTPSConnectionPool(host='asia.api.riotgames.com', port=443): Read timed out.
Request error: HTTPSConnectionPool(host='asia.api.riotgames.com', port=443): Read timed out. (read timeout=10)
Max retries exceeded for https://asia.api.riotgames.com/lol/match/v5/matches/KR_8290030816/timeline
Skipping KR_8290030816 — timeline fetch failed
Request error: HTTPSConnectionPool(host='asia.api.riotgames.com', port=443): Read timed out.
Request error: HTTPSConnectionPool(host='asia.api.riotgames.com', port=443): Read timed out.
Request error: HTTPSConnectionPool(host='asia.api.riotgames.com', port=443): Read timed out. (read timeout=10)
Request error: HTTPSConnectionPool(host='asia.api.riotgames.com', port=443): Read timed out. (read timeout=10)
Request error: HTTPSConnectionPool(host='asia.api.riotgames.com', port=443): Read timed out. (read timeout=10)
Max retries exceeded for https://asia.api.riotgames.com/lol/match/v5/matches/KR_8285352999/timeline
Skipping KR_8285352999 — timeline fetch failed
Request error: HTTPSConnectionPool(host='asia.api.riotgames.com', port=443): Read timed out. (read timeout=10)
Request error: HTTPSConnectionPool(host='asia.api.riotgames.com', port=443): Read timed out. (read timeout=10)
Request error: HTTPSConnectionPool(host='asia.api.riotgames.com', port=443): Read timed out. (read timeout=10)
Request error: HTTPSConnectionPool(host='asia.api.riotgames.com', port=443): Read timed out. (read timeout=10)
Request error: HTTPSConnectionPool(host='asia.api.riotgames.com', port=443): Read timed out. (read timeout=10)
Request error: HTTPSConnectionPool(host='asia.api.riotgames.com', port=443): Read timed out.
Max retries exceeded for https://asia.api.riotgames.com/lol/match/v5/matches/KR_8285190152/timeline
Skipping KR_8285190152 — timeline fetch failed
Request error: HTTPSConnectionPool(host='asia.api.riotgames.com', port=443): Read timed out. (read timeout=10)
Request error: HTTPSConnectionPool(host='asia.api.riotgames.com', port=443): Read timed out. (read timeout=10)
Request error: HTTPSConnectionPool(host='asia.api.riotgames.com', port=443): Read timed out. (read timeout=10)
Request error: HTTPSConnectionPool(host='asia.api.riotgames.com', port=443): Read timed out. (read timeout=10)
Request error: HTTPSConnectionPool(host='asia.api.riotgames.com', port=443): Read timed out.
Request error: HTTPSConnectionPool(host='asia.api.riotgames.com', port=443): Read timed out.
Request error: HTTPSConnectionPool(host='asia.api.riotgames.com', port=443): Read timed out. (read timeout=10)
Request error: HTTPSConnectionPool(host='asia.api.riotgames.com', port=443): Read timed out.
Max retries exceeded for https://asia.api.riotgames.com/lol/match/v5/matches/KR_8279490094/timeline
Skipping KR_8279490094 — timeline fetch failed
Request error: HTTPSConnectionPool(host='asia.api.riotgames.com', port=443): Read timed out. (read timeout=10)
Request error: HTTPSConnectionPool(host='asia.api.riotgames.com', port=443): Read timed out.
Request error: HTTPSConnectionPool(host='asia.api.riotgames.com', port=443): Read timed out.
Request error: HTTPSConnectionPool(host='asia.api.riotgames.com', port=443): Read timed out.
Request error: HTTPSConnectionPool(host='asia.api.riotgames.com', port=443): Read timed out.
Max retries exceeded for https://asia.api.riotgames.com/lol/match/v5/matches/KR_8276909982/timeline
Skipping KR_8276909982 — timeline fetch failed
Request error: HTTPSConnectionPool(host='asia.api.riotgames.com', port=443): Read timed out.
Request error: HTTPSConnectionPool(host='asia.api.riotgames.com', port=443): Read timed out. (read timeout=10)
Request error: HTTPSConnectionPool(host='asia.api.riotgames.com', port=443): Read timed out.
Request error: HTTPSConnectionPool(host='asia.api.riotgames.com', port=443): Read timed out.
Request error: HTTPSConnectionPool(host='asia.api.riotgames.com', port=443): Read timed out.
Request error: HTTPSConnectionPool(host='asia.api.riotgames.com', port=443): Read timed out.
Max retries exceeded for https://asia.api.riotgames.com/lol/match/v5/matches/KR_8276875364/timeline
Skipping KR_8276875364 — timeline fetch failed
Request error: HTTPSConnectionPool(host='asia.api.riotgames.com', port=443): Read timed out.
Request error: HTTPSConnectionPool(host='asia.api.riotgames.com', port=443): Read timed out.
Request error: HTTPSConnectionPool(host='asia.api.riotgames.com', port=443): Read timed out.
Request error: HTTPSConnectionPool(host='asia.api.riotgames.com', port=443): Read timed out. (read timeout=10)
Request error: HTTPSConnectionPool(host='asia.api.riotgames.com', port=443): Read timed out.
Request error: HTTPSConnectionPool(host='asia.api.riotgames.com', port=443): Read timed out. (read timeout=10)
Request error: HTTPSConnectionPool(host='asia.api.riotgames.com', port=443): Read timed out. (read timeout=10)
Request error: HTTPSConnectionPool(host='asia.api.riotgames.com', port=443): Read timed out.
Max retries exceeded for https://asia.api.riotgames.com/lol/match/v5/matches/KR_8276817334/timeline
Skipping KR_8276817334 — timeline fetch failed
Request error: HTTPSConnectionPool(host='asia.api.riotgames.com', port=443): Read timed out. (read timeout=10)
Request error: HTTPSConnectionPool(host='asia.api.riotgames.com', port=443): Read timed out.
Request error: HTTPSConnectionPool(host='asia.api.riotgames.com', port=443): Read timed out.
Request error: HTTPSConnectionPool(host='asia.api.riotgames.com', port=443): Read timed out.
Request error: HTTPSConnectionPool(host='asia.api.riotgames.com', port=443): Read timed out.
Max retries exceeded for https://asia.api.riotgames.com/lol/match/v5/matches/KR_8274110124/timeline
Skipping KR_8274110124 — timeline fetch failed
Request error: HTTPSConnectionPool(host='asia.api.riotgames.com', port=443): Read timed out.
Request error: HTTPSConnectionPool(host='asia.api.riotgames.com', port=443): Read timed out. (read timeout=10)
Request error: HTTPSConnectionPool(host='asia.api.riotgames.com', port=443): Read timed out. (read timeout=10)
Request error: HTTPSConnectionPool(host='asia.api.riotgames.com', port=443): Read timed out.
Request error: HTTPSConnectionPool(host='asia.api.riotgames.com', port=443): Read timed out.
Request error: HTTPSConnectionPool(host='asia.api.riotgames.com', port=443): Read timed out.
Request error: HTTPSConnectionPool(host='asia.api.riotgames.com', port=443): Read timed out.
Request error: HTTPSConnectionPool(host='asia.api.riotgames.com', port=443): Read timed out. (read timeout=10)
Request error: HTTPSConnectionPool(host='asia.api.riotgames.com', port=443): Read timed out. (read timeout=10)
Request error: HTTPSConnectionPool(host='asia.api.riotgames.com', port=443): Read timed out. (read timeout=10)
Request error: HTTPSConnectionPool(host='asia.api.riotgames.com', port=443): Read timed out. (read timeout=10)
Request error: HTTPSConnectionPool(host='asia.api.riotgames.com', port=443): Read timed out.
Request error: HTTPSConnectionPool(host='asia.api.riotgames.com', port=443): Read timed out.
Request error: HTTPSConnectionPool(host='asia.api.riotgames.com', port=443): Read timed out. (read timeout=10)
Request error: HTTPSConnectionPool(host='asia.api.riotgames.com', port=443): Read timed out. (read timeout=10)
Request error: HTTPSConnectionPool(host='asia.api.riotgames.com', port=443): Read timed out. (read timeout=10)
Max retries exceeded for https://asia.api.riotgames.com/lol/match/v5/matches/KR_8267154318/timeline
Skipping KR_8267154318 — timeline fetch failed
Request error: HTTPSConnectionPool(host='asia.api.riotgames.com', port=443): Read timed out.
Request error: HTTPSConnectionPool(host='asia.api.riotgames.com', port=443): Read timed out. (read timeout=10)
Request error: HTTPSConnectionPool(host='asia.api.riotgames.com', port=443): Read timed out. (read timeout=10)
Request error: HTTPSConnectionPool(host='asia.api.riotgames.com', port=443): Read timed out. (read timeout=10)
Request error: HTTPSConnectionPool(host='asia.api.riotgames.com', port=443): Read timed out. (read timeout=10)
Request error: HTTPSConnectionPool(host='asia.api.riotgames.com', port=443): Read timed out. (read timeout=10)
Request error: HTTPSConnectionPool(host='asia.api.riotgames.com', port=443): Read timed out. (read timeout=10)
Request error: HTTPSConnectionPool(host='asia.api.riotgames.com', port=443): Read timed out.
Request error: HTTPSConnectionPool(host='asia.api.riotgames.com', port=443): Read timed out. (read timeout=10)
Request error: HTTPSConnectionPool(host='asia.api.riotgames.com', port=443): Read timed out.
Request error: HTTPSConnectionPool(host='asia.api.riotgames.com', port=443): Read timed out. (read timeout=10)
Request error: HTTPSConnectionPool(host='asia.api.riotgames.com', port=443): Read timed out.
Max retries exceeded for https://asia.api.riotgames.com/lol/match/v5/matches/KR_8298983764/timeline
Skipping KR_8298983764 — timeline fetch failed
Request error: HTTPSConnectionPool(host='asia.api.riotgames.com', port=443): Read timed out.
Request error: HTTPSConnectionPool(host='asia.api.riotgames.com', port=443): Read timed out. (read timeout=10)
Request error: HTTPSConnectionPool(host='asia.api.riotgames.com', port=443): Read timed out. (read timeout=10)
Request error: HTTPSConnectionPool(host='asia.api.riotgames.com', port=443): Read timed out.
Request error: HTTPSConnectionPool(host='asia.api.riotgames.com', port=443): Read timed out. (read timeout=10)
Max retries exceeded for https://asia.api.riotgames.com/lol/match/v5/matches/KR_8296810833/timeline
Skipping KR_8296810833 — timeline fetch failed
Request error: HTTPSConnectionPool(host='asia.api.riotgames.com', port=443): Read timed out. (read timeout=10)
Request error: HTTPSConnectionPool(host='asia.api.riotgames.com', port=443): Read timed out. (read timeout=10)
Request error: HTTPSConnectionPool(host='asia.api.riotgames.com', port=443): Read timed out.
Request error: HTTPSConnectionPool(host='asia.api.riotgames.com', port=443): Read timed out. (read timeout=10)
Request error: HTTPSConnectionPool(host='asia.api.riotgames.com', port=443): Read timed out.
Max retries exceeded for https://asia.api.riotgames.com/lol/match/v5/matches/KR_8296758333
Skipping KR_8296758333 — match detail fetch failed
Request error: HTTPSConnectionPool(host='asia.api.riotgames.com', port=443): Read timed out.
Request error: HTTPSConnectionPool(host='asia.api.riotgames.com', port=443): Read timed out. (read timeout=10)
Request error: HTTPSConnectionPool(host='asia.api.riotgames.com', port=443): Read timed out. (read timeout=10)
Request error: HTTPSConnectionPool(host='asia.api.riotgames.com', port=443): Read timed out. (read timeout=10)
Request error: HTTPSConnectionPool(host='asia.api.riotgames.com', port=443): Read timed out. (read timeout=10)
Request error: HTTPSConnectionPool(host='asia.api.riotgames.com', port=443): Read timed out. (read timeout=10)
Request error: HTTPSConnectionPool(host='asia.api.riotgames.com', port=443): Read timed out.
Max retries exceeded for https://asia.api.riotgames.com/lol/match/v5/matches/KR_8296625741/timeline
Skipping KR_8296625741 — timeline fetch failed
Request error: HTTPSConnectionPool(host='asia.api.riotgames.com', port=443): Read timed out. (read timeout=10)
Request error: HTTPSConnectionPool(host='asia.api.riotgames.com', port=443): Read timed out.
Request error: HTTPSConnectionPool(host='asia.api.riotgames.com', port=443): Read timed out.
Request error: HTTPSConnectionPool(host='asia.api.riotgames.com', port=443): Read timed out. (read timeout=10)
Request error: HTTPSConnectionPool(host='asia.api.riotgames.com', port=443): Read timed out.
Request error: HTTPSConnectionPool(host='asia.api.riotgames.com', port=443): Read timed out. (read timeout=10)
Max retries exceeded for https://asia.api.riotgames.com/lol/match/v5/matches/KR_8296598959/timeline
Skipping KR_8296598959 — timeline fetch failed
Request error: HTTPSConnectionPool(host='asia.api.riotgames.com', port=443): Read timed out.
Request error: HTTPSConnectionPool(host='asia.api.riotgames.com', port=443): Read timed out. (read timeout=10)
Request error: HTTPSConnectionPool(host='asia.api.riotgames.com', port=443): Read timed out. (read timeout=10)
Request error: HTTPSConnectionPool(host='asia.api.riotgames.com', port=443): Read timed out.
Request error: HTTPSConnectionPool(host='asia.api.riotgames.com', port=443): Read timed out.
Request error: HTTPSConnectionPool(host='asia.api.riotgames.com', port=443): Read timed out.
Request error: HTTPSConnectionPool(host='asia.api.riotgames.com', port=443): Read timed out. (read timeout=10)
Request error: HTTPSConnectionPool(host='asia.api.riotgames.com', port=443): Read timed out.
Request error: HTTPSConnectionPool(host='asia.api.riotgames.com', port=443): Read timed out. (read timeout=10)
Max retries exceeded for https://asia.api.riotgames.com/lol/match/v5/matches/KR_8295145644/timeline
Skipping KR_8295145644 — timeline fetch failed
Request error: HTTPSConnectionPool(host='asia.api.riotgames.com', port=443): Read timed out. (read timeout=10)
Request error: HTTPSConnectionPool(host='asia.api.riotgames.com', port=443): Read timed out. (read timeout=10)
Request error: HTTPSConnectionPool(host='asia.api.riotgames.com', port=443): Read timed out. (read timeout=10)
Request error: HTTPSConnectionPool(host='asia.api.riotgames.com', port=443): Read timed out. (read timeout=10)
Request error: HTTPSConnectionPool(host='asia.api.riotgames.com', port=443): Read timed out.
Request error: HTTPSConnectionPool(host='asia.api.riotgames.com', port=443): Read timed out. (read timeout=10)
Request error: HTTPSConnectionPool(host='asia.api.riotgames.com', port=443): Read timed out. (read timeout=10)
Request error: HTTPSConnectionPool(host='asia.api.riotgames.com', port=443): Read timed out. (read timeout=10)
Max retries exceeded for https://asia.api.riotgames.com/lol/match/v5/matches/KR_8296267385/timeline
Skipping KR_8296267385 — timeline fetch failed
Request error: HTTPSConnectionPool(host='asia.api.riotgames.com', port=443): Read timed out.
Request error: HTTPSConnectionPool(host='asia.api.riotgames.com', port=443): Read timed out.
Request error: HTTPSConnectionPool(host='asia.api.riotgames.com', port=443): Read timed out. (read timeout=10)
Request error: HTTPSConnectionPool(host='asia.api.riotgames.com', port=443): Read timed out. (read timeout=10)
Request error: HTTPSConnectionPool(host='asia.api.riotgames.com', port=443): Read timed out.
Max retries exceeded for https://asia.api.riotgames.com/lol/match/v5/matches/KR_8293199108/timeline
Skipping KR_8293199108 — timeline fetch failed
Request error: HTTPSConnectionPool(host='asia.api.riotgames.com', port=443): Read timed out. (read timeout=10)
Request error: HTTPSConnectionPool(host='asia.api.riotgames.com', port=443): Read timed out. (read timeout=10)
Request error: HTTPSConnectionPool(host='asia.api.riotgames.com', port=443): Read timed out. (read timeout=10)
Request error: HTTPSConnectionPool(host='asia.api.riotgames.com', port=443): Read timed out. (read timeout=10)
Request error: HTTPSConnectionPool(host='asia.api.riotgames.com', port=443): Read timed out. (read timeout=10)
Request error: HTTPSConnectionPool(host='asia.api.riotgames.com', port=443): Read timed out. (read timeout=10)
Request error: HTTPSConnectionPool(host='asia.api.riotgames.com', port=443): Read timed out.
Request error: HTTPSConnectionPool(host='asia.api.riotgames.com', port=443): Read timed out. (read timeout=10)
Request error: HTTPSConnectionPool(host='asia.api.riotgames.com', port=443): Read timed out. (read timeout=10)
Request error: HTTPSConnectionPool(host='asia.api.riotgames.com', port=443): Read timed out. (read timeout=10)
Request error: HTTPSConnectionPool(host='asia.api.riotgames.com', port=443): Read timed out.
Max retries exceeded for https://asia.api.riotgames.com/lol/match/v5/matches/KR_8292522429
Skipping KR_8292522429 — match detail fetch failed
Request error: HTTPSConnectionPool(host='asia.api.riotgames.com', port=443): Read timed out. (read timeout=10)
Request error: HTTPSConnectionPool(host='asia.api.riotgames.com', port=443): Read timed out. (read timeout=10)
Request error: HTTPSConnectionPool(host='asia.api.riotgames.com', port=443): Read timed out.
Request error: HTTPSConnectionPool(host='asia.api.riotgames.com', port=443): Read timed out. (read timeout=10)
Request error: HTTPSConnectionPool(host='asia.api.riotgames.com', port=443): Read timed out.
Request error: HTTPSConnectionPool(host='asia.api.riotgames.com', port=443): Read timed out. (read timeout=10)
Request error: HTTPSConnectionPool(host='asia.api.riotgames.com', port=443): Read timed out. (read timeout=10)
Request error: HTTPSConnectionPool(host='asia.api.riotgames.com', port=443): Read timed out.
Request error: HTTPSConnectionPool(host='asia.api.riotgames.com', port=443): Read timed out.
Max retries exceeded for https://asia.api.riotgames.com/lol/match/v5/matches/KR_8287290257/timeline
Skipping KR_8287290257 — timeline fetch failed
Request error: HTTPSConnectionPool(host='asia.api.riotgames.com', port=443): Read timed out.
Request error: HTTPSConnectionPool(host='asia.api.riotgames.com', port=443): Read timed out. (read timeout=10)
Request error: HTTPSConnectionPool(host='asia.api.riotgames.com', port=443): Read timed out.
Request error: HTTPSConnectionPool(host='asia.api.riotgames.com', port=443): Read timed out.
Request error: HTTPSConnectionPool(host='asia.api.riotgames.com', port=443): Read timed out.
Request error: HTTPSConnectionPool(host='asia.api.riotgames.com', port=443): Read timed out. (read timeout=10)
Max retries exceeded for https://asia.api.riotgames.com/lol/match/v5/matches/KR_8287209045/timeline
Skipping KR_8287209045 — timeline fetch failed
Request error: HTTPSConnectionPool(host='asia.api.riotgames.com', port=443): Read timed out.
Request error: HTTPSConnectionPool(host='asia.api.riotgames.com', port=443): Read timed out. (read timeout=10)
Request error: HTTPSConnectionPool(host='asia.api.riotgames.com', port=443): Read timed out.
Request error: HTTPSConnectionPool(host='asia.api.riotgames.com', port=443): Read timed out.
Request error: HTTPSConnectionPool(host='asia.api.riotgames.com', port=443): Read timed out.
Max retries exceeded for https://asia.api.riotgames.com/lol/match/v5/matches/KR_8287136319/timeline
Skipping KR_8287136319 — timeline fetch failed
Request error: HTTPSConnectionPool(host='asia.api.riotgames.com', port=443): Read timed out.
Request error: HTTPSConnectionPool(host='asia.api.riotgames.com', port=443): Read timed out. (read timeout=10)
Request error: HTTPSConnectionPool(host='asia.api.riotgames.com', port=443): Read timed out.
Request error: HTTPSConnectionPool(host='asia.api.riotgames.com', port=443): Read timed out. (read timeout=10)
Request error: HTTPSConnectionPool(host='asia.api.riotgames.com', port=443): Read timed out.
Request error: HTTPSConnectionPool(host='asia.api.riotgames.com', port=443): Read timed out. (read timeout=10)
Request error: HTTPSConnectionPool(host='asia.api.riotgames.com', port=443): Read timed out. (read timeout=10)
Request error: HTTPSConnectionPool(host='asia.api.riotgames.com', port=443): Read timed out.
Request error: HTTPSConnectionPool(host='asia.api.riotgames.com', port=443): Read timed out. (read timeout=10)
Max retries exceeded for https://asia.api.riotgames.com/lol/match/v5/matches/KR_8285073734/timeline
Skipping KR_8285073734 — timeline fetch failed
Request error: HTTPSConnectionPool(host='asia.api.riotgames.com', port=443): Read timed out. (read timeout=10)
Request error: HTTPSConnectionPool(host='asia.api.riotgames.com', port=443): Read timed out. (read timeout=10)
Request error: HTTPSConnectionPool(host='asia.api.riotgames.com', port=443): Read timed out. (read timeout=10)
Request error: HTTPSConnectionPool(host='asia.api.riotgames.com', port=443): Read timed out.
Request error: HTTPSConnectionPool(host='asia.api.riotgames.com', port=443): Read timed out. (read timeout=10)
Request error: HTTPSConnectionPool(host='asia.api.riotgames.com', port=443): Read timed out.
Request error: HTTPSConnectionPool(host='asia.api.riotgames.com', port=443): Read timed out. (read timeout=10)
Request error: HTTPSConnectionPool(host='asia.api.riotgames.com', port=443): Read timed out. (read timeout=10)
Max retries exceeded for https://asia.api.riotgames.com/lol/match/v5/matches/KR_8284571027/timeline
Skipping KR_8284571027 — timeline fetch failed
Request error: HTTPSConnectionPool(host='asia.api.riotgames.com', port=443): Read timed out. (read timeout=10)
Request error: HTTPSConnectionPool(host='asia.api.riotgames.com', port=443): Read timed out. (read timeout=10)
Request error: HTTPSConnectionPool(host='asia.api.riotgames.com', port=443): Read timed out. (read timeout=10)
Request error: HTTPSConnectionPool(host='asia.api.riotgames.com', port=443): Read timed out. (read timeout=10)
Request error: HTTPSConnectionPool(host='asia.api.riotgames.com', port=443): Read timed out.
Request error: HTTPSConnectionPool(host='asia.api.riotgames.com', port=443): Read timed out.
Request error: HTTPSConnectionPool(host='asia.api.riotgames.com', port=443): Read timed out.
Request error: HTTPSConnectionPool(host='asia.api.riotgames.com', port=443): Read timed out. (read timeout=10)
Request error: HTTPSConnectionPool(host='asia.api.riotgames.com', port=443): Read timed out. (read timeout=10)
Max retries exceeded for https://asia.api.riotgames.com/lol/match/v5/matches/KR_8283679393/timeline
Skipping KR_8283679393 — timeline fetch failed
Request error: HTTPSConnectionPool(host='asia.api.riotgames.com', port=443): Read timed out.
Request error: HTTPSConnectionPool(host='asia.api.riotgames.com', port=443): Read timed out. (read timeout=10)
Request error: HTTPSConnectionPool(host='asia.api.riotgames.com', port=443): Read timed out. (read timeout=10)
Request error: HTTPSConnectionPool(host='asia.api.riotgames.com', port=443): Read timed out. (read timeout=10)
Request error: HTTPSConnectionPool(host='asia.api.riotgames.com', port=443): Read timed out. (read timeout=10)
Request error: HTTPSConnectionPool(host='asia.api.riotgames.com', port=443): Read timed out.
Request error: HTTPSConnectionPool(host='asia.api.riotgames.com', port=443): Read timed out. (read timeout=10)
Request error: HTTPSConnectionPool(host='asia.api.riotgames.com', port=443): Read timed out. (read timeout=10)
Request error: HTTPSConnectionPool(host='asia.api.riotgames.com', port=443): Read timed out. (read timeout=10)
Request error: HTTPSConnectionPool(host='asia.api.riotgames.com', port=443): Read timed out. (read timeout=10)
Request error: HTTPSConnectionPool(host='asia.api.riotgames.com', port=443): Read timed out.
Max retries exceeded for https://asia.api.riotgames.com/lol/match/v5/matches/KR_8283313134/timeline
Skipping KR_8283313134 — timeline fetch failed
Request error: HTTPSConnectionPool(host='asia.api.riotgames.com', port=443): Read timed out. (read timeout=10)
Request error: HTTPSConnectionPool(host='asia.api.riotgames.com', port=443): Read timed out. (read timeout=10)
Request error: HTTPSConnectionPool(host='asia.api.riotgames.com', port=443): Read timed out. (read timeout=10)
Request error: HTTPSConnectionPool(host='asia.api.riotgames.com', port=443): Read timed out. (read timeout=10)
Checkpoint: 4700 matches collected
Checkpoint: 4800 matches collected
Request error: HTTPSConnectionPool(host='asia.api.riotgames.com', port=443): Read timed out.
Request error: HTTPSConnectionPool(host='asia.api.riotgames.com', port=443): Max retries exceeded with url: /lol/match/v5/matches/KR_8275576149/timeline (Caused by NameResolutionError("HTTPSConnection(host='asia.api.riotgames.com', port=443): Failed to resolve 'asia.api.riotgames.com' ([Errno 8] nodename nor servname provided, or not known)"))
Request error: HTTPSConnectionPool(host='asia.api.riotgames.com', port=443): Max retries exceeded with url: /lol/match/v5/matches/KR_8275576149/timeline (Caused by NameResolutionError("HTTPSConnection(host='asia.api.riotgames.com', port=443): Failed to resolve 'asia.api.riotgames.com' ([Errno 8] nodename nor servname provided, or not known)"))
Request error: HTTPSConnectionPool(host='asia.api.riotgames.com', port=443): Read timed out.
Request error: HTTPSConnectionPool(host='asia.api.riotgames.com', port=443): Read timed out.
Max retries exceeded for https://asia.api.riotgames.com/lol/match/v5/matches/KR_8275576149/timeline
Skipping KR_8275576149 — timeline fetch failed
Request error: HTTPSConnectionPool(host='asia.api.riotgames.com', port=443): Read timed out.
Request error: HTTPSConnectionPool(host='asia.api.riotgames.com', port=443): Read timed out. (read timeout=10)
Request error: HTTPSConnectionPool(host='asia.api.riotgames.com', port=443): Read timed out. (read timeout=10)
Request error: HTTPSConnectionPool(host='asia.api.riotgames.com', port=443): Read timed out. (read timeout=10)
Request error: HTTPSConnectionPool(host='asia.api.riotgames.com', port=443): Read timed out. (read timeout=10)
Max retries exceeded for https://asia.api.riotgames.com/lol/match/v5/matches/KR_8274028742
Skipping KR_8274028742 — match detail fetch failed
Request error: HTTPSConnectionPool(host='asia.api.riotgames.com', port=443): Read timed out.
Request error: HTTPSConnectionPool(host='asia.api.riotgames.com', port=443): Read timed out.
Request error: HTTPSConnectionPool(host='asia.api.riotgames.com', port=443): Read timed out. (read timeout=10)
Request error: HTTPSConnectionPool(host='asia.api.riotgames.com', port=443): Read timed out.
Request error: HTTPSConnectionPool(host='asia.api.riotgames.com', port=443): Read timed out.
Request error: HTTPSConnectionPool(host='asia.api.riotgames.com', port=443): Read timed out. (read timeout=10)
Max retries exceeded for https://asia.api.riotgames.com/lol/match/v5/matches/KR_8269249907/timeline
Skipping KR_8269249907 — timeline fetch failed
Request error: HTTPSConnectionPool(host='asia.api.riotgames.com', port=443): Read timed out.
Request error: HTTPSConnectionPool(host='asia.api.riotgames.com', port=443): Read timed out. (read timeout=10)
Request error: HTTPSConnectionPool(host='asia.api.riotgames.com', port=443): Read timed out.
Request error: HTTPSConnectionPool(host='asia.api.riotgames.com', port=443): Read timed out.
Request error: HTTPSConnectionPool(host='asia.api.riotgames.com', port=443): Read timed out. (read timeout=10)
Max retries exceeded for https://asia.api.riotgames.com/lol/match/v5/matches/KR_8263638480/timeline
Skipping KR_8263638480 — timeline fetch failed
Request error: HTTPSConnectionPool(host='asia.api.riotgames.com', port=443): Read timed out.
Request error: HTTPSConnectionPool(host='asia.api.riotgames.com', port=443): Read timed out. (read timeout=10)
Request error: HTTPSConnectionPool(host='asia.api.riotgames.com', port=443): Read timed out.
Request error: HTTPSConnectionPool(host='asia.api.riotgames.com', port=443): Read timed out. (read timeout=10)
Request error: HTTPSConnectionPool(host='asia.api.riotgames.com', port=443): Read timed out.
Request error: HTTPSConnectionPool(host='asia.api.riotgames.com', port=443): Read timed out. (read timeout=10)
Max retries exceeded for https://asia.api.riotgames.com/lol/match/v5/matches/KR_8263614396/timeline
Skipping KR_8263614396 — timeline fetch failed
Request error: HTTPSConnectionPool(host='asia.api.riotgames.com', port=443): Read timed out.
Request error: HTTPSConnectionPool(host='asia.api.riotgames.com', port=443): Read timed out.
Request error: HTTPSConnectionPool(host='asia.api.riotgames.com', port=443): Read timed out.
Request error: HTTPSConnectionPool(host='asia.api.riotgames.com', port=443): Read timed out. (read timeout=10)
Request error: HTTPSConnectionPool(host='asia.api.riotgames.com', port=443): Read timed out. (read timeout=10)
Max retries exceeded for https://asia.api.riotgames.com/lol/match/v5/matches/KR_8263086572/timeline
Skipping KR_8263086572 — timeline fetch failed
Request error: HTTPSConnectionPool(host='asia.api.riotgames.com', port=443): Read timed out. (read timeout=10)
Request error: HTTPSConnectionPool(host='asia.api.riotgames.com', port=443): Read timed out. (read timeout=10)
Request error: HTTPSConnectionPool(host='asia.api.riotgames.com', port=443): Read timed out. (read timeout=10)
Request error: HTTPSConnectionPool(host='asia.api.riotgames.com', port=443): Read timed out. (read timeout=10)
Request error: HTTPSConnectionPool(host='asia.api.riotgames.com', port=443): Read timed out.
Request error: HTTPSConnectionPool(host='asia.api.riotgames.com', port=443): Read timed out.
Request error: HTTPSConnectionPool(host='asia.api.riotgames.com', port=443): Read timed out.
Request error: HTTPSConnectionPool(host='asia.api.riotgames.com', port=443): Read timed out.
Max retries exceeded for https://asia.api.riotgames.com/lol/match/v5/matches/KR_8303590626/timeline
Skipping KR_8303590626 — timeline fetch failed
Checkpoint: 4900 matches collected
Request error: HTTPSConnectionPool(host='asia.api.riotgames.com', port=443): Read timed out. (read timeout=10)
Request error: HTTPSConnectionPool(host='asia.api.riotgames.com', port=443): Read timed out.
Request error: HTTPSConnectionPool(host='asia.api.riotgames.com', port=443): Read timed out. (read timeout=10)
Request error: HTTPSConnectionPool(host='asia.api.riotgames.com', port=443): Read timed out. (read timeout=10)
Request error: HTTPSConnectionPool(host='asia.api.riotgames.com', port=443): Read timed out.
Request error: HTTPSConnectionPool(host='asia.api.riotgames.com', port=443): Read timed out. (read timeout=10)
Request error: HTTPSConnectionPool(host='asia.api.riotgames.com', port=443): Read timed out.
Request error: HTTPSConnectionPool(host='asia.api.riotgames.com', port=443): Read timed out.
Request error: HTTPSConnectionPool(host='asia.api.riotgames.com', port=443): Read timed out. (read timeout=10)
Request error: HTTPSConnectionPool(host='asia.api.riotgames.com', port=443): Read timed out. (read timeout=10)
Request error: HTTPSConnectionPool(host='asia.api.riotgames.com', port=443): Read timed out.
Max retries exceeded for https://asia.api.riotgames.com/lol/match/v5/matches/KR_8302648765/timeline
Skipping KR_8302648765 — timeline fetch failed
Request error: HTTPSConnectionPool(host='asia.api.riotgames.com', port=443): Read timed out.
Request error: HTTPSConnectionPool(host='asia.api.riotgames.com', port=443): Read timed out.
Request error: HTTPSConnectionPool(host='asia.api.riotgames.com', port=443): Read timed out.
Request error: HTTPSConnectionPool(host='asia.api.riotgames.com', port=443): Read timed out.
Request error: HTTPSConnectionPool(host='asia.api.riotgames.com', port=443): Read timed out.
Max retries exceeded for https://asia.api.riotgames.com/lol/match/v5/matches/KR_8300042917/timeline
Skipping KR_8300042917 — timeline fetch failed
Request error: HTTPSConnectionPool(host='asia.api.riotgames.com', port=443): Read timed out. (read timeout=10)
Request error: HTTPSConnectionPool(host='asia.api.riotgames.com', port=443): Read timed out. (read timeout=10)
Request error: HTTPSConnectionPool(host='asia.api.riotgames.com', port=443): Read timed out.
Request error: HTTPSConnectionPool(host='asia.api.riotgames.com', port=443): Read timed out. (read timeout=10)
Request error: HTTPSConnectionPool(host='asia.api.riotgames.com', port=443): Read timed out.
Request error: HTTPSConnectionPool(host='asia.api.riotgames.com', port=443): Read timed out. (read timeout=10)
Request error: HTTPSConnectionPool(host='asia.api.riotgames.com', port=443): Read timed out.
Max retries exceeded for https://asia.api.riotgames.com/lol/match/v5/matches/KR_8300023980/timeline
Skipping KR_8300023980 — timeline fetch failed
Request error: HTTPSConnectionPool(host='asia.api.riotgames.com', port=443): Read timed out.
Request error: HTTPSConnectionPool(host='asia.api.riotgames.com', port=443): Read timed out. (read timeout=10)
Request error: HTTPSConnectionPool(host='asia.api.riotgames.com', port=443): Read timed out. (read timeout=10)
Request error: HTTPSConnectionPool(host='asia.api.riotgames.com', port=443): Read timed out. (read timeout=10)
Request error: HTTPSConnectionPool(host='asia.api.riotgames.com', port=443): Read timed out.
Request error: HTTPSConnectionPool(host='asia.api.riotgames.com', port=443): Read timed out. (read timeout=10)
Request error: HTTPSConnectionPool(host='asia.api.riotgames.com', port=443): Read timed out.
Max retries exceeded for https://asia.api.riotgames.com/lol/match/v5/matches/KR_8297613701/timeline
Skipping KR_8297613701 — timeline fetch failed
Request error: HTTPSConnectionPool(host='asia.api.riotgames.com', port=443): Read timed out. (read timeout=10)
Request error: HTTPSConnectionPool(host='asia.api.riotgames.com', port=443): Read timed out. (read timeout=10)
Request error: HTTPSConnectionPool(host='asia.api.riotgames.com', port=443): Read timed out. (read timeout=10)
Request error: HTTPSConnectionPool(host='asia.api.riotgames.com', port=443): Read timed out.
Request error: HTTPSConnectionPool(host='asia.api.riotgames.com', port=443): Read timed out.
Request error: HTTPSConnectionPool(host='asia.api.riotgames.com', port=443): Read timed out.
Request error: HTTPSConnectionPool(host='asia.api.riotgames.com', port=443): Read timed out. (read timeout=10)
Request error: HTTPSConnectionPool(host='asia.api.riotgames.com', port=443): Read timed out.
Request error: HTTPSConnectionPool(host='asia.api.riotgames.com', port=443): Read timed out. (read timeout=10)
Request error: HTTPSConnectionPool(host='asia.api.riotgames.com', port=443): Read timed out.
Request error: HTTPSConnectionPool(host='asia.api.riotgames.com', port=443): Read timed out.
Request error: HTTPSConnectionPool(host='asia.api.riotgames.com', port=443): Read timed out.
Max retries exceeded for https://asia.api.riotgames.com/lol/match/v5/matches/KR_8296103512/timeline
Skipping KR_8296103512 — timeline fetch failed
Request error: HTTPSConnectionPool(host='asia.api.riotgames.com', port=443): Read timed out.
Request error: HTTPSConnectionPool(host='asia.api.riotgames.com', port=443): Read timed out. (read timeout=10)
Request error: HTTPSConnectionPool(host='asia.api.riotgames.com', port=443): Read timed out. (read timeout=10)
Request error: HTTPSConnectionPool(host='asia.api.riotgames.com', port=443): Read timed out.
Request error: HTTPSConnectionPool(host='asia.api.riotgames.com', port=443): Read timed out. (read timeout=10)
Request error: HTTPSConnectionPool(host='asia.api.riotgames.com', port=443): Read timed out. (read timeout=10)
Request error: HTTPSConnectionPool(host='asia.api.riotgames.com', port=443): Read timed out.
Request error: HTTPSConnectionPool(host='asia.api.riotgames.com', port=443): Read timed out.
Request error: HTTPSConnectionPool(host='asia.api.riotgames.com', port=443): Read timed out.
Request error: HTTPSConnectionPool(host='asia.api.riotgames.com', port=443): Read timed out.
Request error: HTTPSConnectionPool(host='asia.api.riotgames.com', port=443): Read timed out. (read timeout=10)
Request error: HTTPSConnectionPool(host='asia.api.riotgames.com', port=443): Read timed out.
Max retries exceeded for https://asia.api.riotgames.com/lol/match/v5/matches/KR_8293552560/timeline
Skipping KR_8293552560 — timeline fetch failed
Request error: HTTPSConnectionPool(host='asia.api.riotgames.com', port=443): Read timed out.
Request error: HTTPSConnectionPool(host='asia.api.riotgames.com', port=443): Read timed out. (read timeout=10)
Request error: HTTPSConnectionPool(host='asia.api.riotgames.com', port=443): Read timed out. (read timeout=10)
Request error: HTTPSConnectionPool(host='asia.api.riotgames.com', port=443): Read timed out. (read timeout=10)
Request error: HTTPSConnectionPool(host='asia.api.riotgames.com', port=443): Read timed out.
Request error: HTTPSConnectionPool(host='asia.api.riotgames.com', port=443): Read timed out.
Request error: HTTPSConnectionPool(host='asia.api.riotgames.com', port=443): Read timed out. (read timeout=10)
Request error: HTTPSConnectionPool(host='asia.api.riotgames.com', port=443): Read timed out.
Request error: HTTPSConnectionPool(host='asia.api.riotgames.com', port=443): Read timed out.
Request error: HTTPSConnectionPool(host='asia.api.riotgames.com', port=443): Read timed out.
Max retries exceeded for https://asia.api.riotgames.com/lol/match/v5/matches/KR_8294240872/timeline
Skipping KR_8294240872 — timeline fetch failed
Request error: HTTPSConnectionPool(host='asia.api.riotgames.com', port=443): Read timed out. (read timeout=10)
Request error: HTTPSConnectionPool(host='asia.api.riotgames.com', port=443): Read timed out.
Request error: HTTPSConnectionPool(host='asia.api.riotgames.com', port=443): Read timed out.
Request error: HTTPSConnectionPool(host='asia.api.riotgames.com', port=443): Read timed out. (read timeout=10)
Request error: HTTPSConnectionPool(host='asia.api.riotgames.com', port=443): Read timed out.
Request error: HTTPSConnectionPool(host='asia.api.riotgames.com', port=443): Read timed out.
Request error: HTTPSConnectionPool(host='asia.api.riotgames.com', port=443): Read timed out. (read timeout=10)
Request error: HTTPSConnectionPool(host='asia.api.riotgames.com', port=443): Read timed out. (read timeout=10)
Request error: HTTPSConnectionPool(host='asia.api.riotgames.com', port=443): Read timed out. (read timeout=10)
Request error: HTTPSConnectionPool(host='asia.api.riotgames.com', port=443): Read timed out. (read timeout=10)
Request error: HTTPSConnectionPool(host='asia.api.riotgames.com', port=443): Read timed out.
Max retries exceeded for https://asia.api.riotgames.com/lol/match/v5/matches/KR_8292741798/timeline
Skipping KR_8292741798 — timeline fetch failed
Request error: HTTPSConnectionPool(host='asia.api.riotgames.com', port=443): Read timed out. (read timeout=10)
Request error: HTTPSConnectionPool(host='asia.api.riotgames.com', port=443): Read timed out.
Request error: HTTPSConnectionPool(host='asia.api.riotgames.com', port=443): Read timed out. (read timeout=10)
Request error: HTTPSConnectionPool(host='asia.api.riotgames.com', port=443): Read timed out. (read timeout=10)
Request error: HTTPSConnectionPool(host='asia.api.riotgames.com', port=443): Read timed out. (read timeout=10)
Request error: HTTPSConnectionPool(host='asia.api.riotgames.com', port=443): Read timed out. (read timeout=10)
Request error: HTTPSConnectionPool(host='asia.api.riotgames.com', port=443): Read timed out. (read timeout=10)
Request error: HTTPSConnectionPool(host='asia.api.riotgames.com', port=443): Read timed out.
Request error: HTTPSConnectionPool(host='asia.api.riotgames.com', port=443): Read timed out.
Request error: HTTPSConnectionPool(host='asia.api.riotgames.com', port=443): Read timed out. (read timeout=10)
Request error: HTTPSConnectionPool(host='asia.api.riotgames.com', port=443): Read timed out. (read timeout=10)
Request error: HTTPSConnectionPool(host='asia.api.riotgames.com', port=443): Read timed out. (read timeout=10)
Request error: HTTPSConnectionPool(host='asia.api.riotgames.com', port=443): Read timed out. (read timeout=10)
Max retries exceeded for https://asia.api.riotgames.com/lol/match/v5/matches/KR_8292340403/timeline
Skipping KR_8292340403 — timeline fetch failed
Request error: HTTPSConnectionPool(host='asia.api.riotgames.com', port=443): Read timed out. (read timeout=10)
Request error: HTTPSConnectionPool(host='asia.api.riotgames.com', port=443): Read timed out. (read timeout=10)
Request error: HTTPSConnectionPool(host='asia.api.riotgames.com', port=443): Read timed out. (read timeout=10)
Request error: HTTPSConnectionPool(host='asia.api.riotgames.com', port=443): Read timed out. (read timeout=10)
Request error: HTTPSConnectionPool(host='asia.api.riotgames.com', port=443): Read timed out. (read timeout=10)
Request error: HTTPSConnectionPool(host='asia.api.riotgames.com', port=443): Read timed out. (read timeout=10)
Request error: HTTPSConnectionPool(host='asia.api.riotgames.com', port=443): Read timed out. (read timeout=10)
Request error: HTTPSConnectionPool(host='asia.api.riotgames.com', port=443): Read timed out. (read timeout=10)
Request error: HTTPSConnectionPool(host='asia.api.riotgames.com', port=443): Read timed out.
Request error: HTTPSConnectionPool(host='asia.api.riotgames.com', port=443): Read timed out. (read timeout=10)
Request error: HTTPSConnectionPool(host='asia.api.riotgames.com', port=443): Read timed out.
Max retries exceeded for https://asia.api.riotgames.com/lol/match/v5/matches/KR_8292017969/timeline
Skipping KR_8292017969 — timeline fetch failed
Request error: HTTPSConnectionPool(host='asia.api.riotgames.com', port=443): Read timed out.
Request error: HTTPSConnectionPool(host='asia.api.riotgames.com', port=443): Read timed out. (read timeout=10)
Request error: HTTPSConnectionPool(host='asia.api.riotgames.com', port=443): Read timed out. (read timeout=10)
Request error: HTTPSConnectionPool(host='asia.api.riotgames.com', port=443): Read timed out.
Request error: HTTPSConnectionPool(host='asia.api.riotgames.com', port=443): Read timed out.
Request error: HTTPSConnectionPool(host='asia.api.riotgames.com', port=443): Read timed out. (read timeout=10)
Request error: HTTPSConnectionPool(host='asia.api.riotgames.com', port=443): Read timed out.
Request error: HTTPSConnectionPool(host='asia.api.riotgames.com', port=443): Read timed out.
Max retries exceeded for https://asia.api.riotgames.com/lol/match/v5/matches/KR_8290861154/timeline
Skipping KR_8290861154 — timeline fetch failed
Request error: HTTPSConnectionPool(host='asia.api.riotgames.com', port=443): Read timed out. (read timeout=10)
Request error: HTTPSConnectionPool(host='asia.api.riotgames.com', port=443): Read timed out.
Request error: HTTPSConnectionPool(host='asia.api.riotgames.com', port=443): Read timed out. (read timeout=10)
Request error: HTTPSConnectionPool(host='asia.api.riotgames.com', port=443): Read timed out. (read timeout=10)
Request error: HTTPSConnectionPool(host='asia.api.riotgames.com', port=443): Read timed out.
Request error: HTTPSConnectionPool(host='asia.api.riotgames.com', port=443): Read timed out.
Request error: HTTPSConnectionPool(host='asia.api.riotgames.com', port=443): Read timed out. (read timeout=10)
Request error: HTTPSConnectionPool(host='asia.api.riotgames.com', port=443): Read timed out.
Request error: HTTPSConnectionPool(host='asia.api.riotgames.com', port=443): Read timed out.
Max retries exceeded for https://asia.api.riotgames.com/lol/match/v5/matches/KR_8295106502/timeline
Skipping KR_8295106502 — timeline fetch failed
Request error: HTTPSConnectionPool(host='asia.api.riotgames.com', port=443): Read timed out. (read timeout=10)
Request error: HTTPSConnectionPool(host='asia.api.riotgames.com', port=443): Read timed out. (read timeout=10)
Request error: HTTPSConnectionPool(host='asia.api.riotgames.com', port=443): Read timed out.
Request error: HTTPSConnectionPool(host='asia.api.riotgames.com', port=443): Read timed out.
Request error: HTTPSConnectionPool(host='asia.api.riotgames.com', port=443): Read timed out.
Request error: HTTPSConnectionPool(host='asia.api.riotgames.com', port=443): Read timed out.
Request error: HTTPSConnectionPool(host='asia.api.riotgames.com', port=443): Read timed out. (read timeout=10)
Request error: HTTPSConnectionPool(host='asia.api.riotgames.com', port=443): Read timed out.
Max retries exceeded for https://asia.api.riotgames.com/lol/match/v5/matches/KR_8283249514/timeline
Skipping KR_8283249514 — timeline fetch failed
Request error: HTTPSConnectionPool(host='asia.api.riotgames.com', port=443): Read timed out.
Request error: HTTPSConnectionPool(host='asia.api.riotgames.com', port=443): Read timed out.
Request error: HTTPSConnectionPool(host='asia.api.riotgames.com', port=443): Read timed out.
Request error: HTTPSConnectionPool(host='asia.api.riotgames.com', port=443): Read timed out. (read timeout=10)
Request error: HTTPSConnectionPool(host='asia.api.riotgames.com', port=443): Read timed out. (read timeout=10)
Request error: HTTPSConnectionPool(host='asia.api.riotgames.com', port=443): Read timed out. (read timeout=10)
Request error: HTTPSConnectionPool(host='asia.api.riotgames.com', port=443): Read timed out.
Request error: HTTPSConnectionPool(host='asia.api.riotgames.com', port=443): Read timed out. (read timeout=10)
Request error: HTTPSConnectionPool(host='asia.api.riotgames.com', port=443): Read timed out. (read timeout=10)
Request error: HTTPSConnectionPool(host='asia.api.riotgames.com', port=443): Read timed out. (read timeout=10)
Request error: HTTPSConnectionPool(host='asia.api.riotgames.com', port=443): Read timed out. (read timeout=10)
Request error: HTTPSConnectionPool(host='asia.api.riotgames.com', port=443): Read timed out. (read timeout=10)
Request error: HTTPSConnectionPool(host='asia.api.riotgames.com', port=443): Read timed out. (read timeout=10)
Request error: HTTPSConnectionPool(host='asia.api.riotgames.com', port=443): Read timed out. (read timeout=10)
Request error: HTTPSConnectionPool(host='asia.api.riotgames.com', port=443): Read timed out. (read timeout=10)
Request error: HTTPSConnectionPool(host='asia.api.riotgames.com', port=443): Read timed out.
Request error: HTTPSConnectionPool(host='asia.api.riotgames.com', port=443): Read timed out. (read timeout=10)
Request error: HTTPSConnectionPool(host='asia.api.riotgames.com', port=443): Read timed out.
Request error: HTTPSConnectionPool(host='asia.api.riotgames.com', port=443): Read timed out.
Request error: HTTPSConnectionPool(host='asia.api.riotgames.com', port=443): Read timed out.
Request error: HTTPSConnectionPool(host='asia.api.riotgames.com', port=443): Read timed out. (read timeout=10)
Request error: HTTPSConnectionPool(host='asia.api.riotgames.com', port=443): Read timed out. (read timeout=10)
Request error: HTTPSConnectionPool(host='asia.api.riotgames.com', port=443): Read timed out.
Request error: HTTPSConnectionPool(host='asia.api.riotgames.com', port=443): Read timed out.
Request error: HTTPSConnectionPool(host='asia.api.riotgames.com', port=443): Read timed out. (read timeout=10)
Request error: HTTPSConnectionPool(host='asia.api.riotgames.com', port=443): Read timed out. (read timeout=10)
Request error: HTTPSConnectionPool(host='asia.api.riotgames.com', port=443): Read timed out. (read timeout=10)
Request error: HTTPSConnectionPool(host='asia.api.riotgames.com', port=443): Read timed out. (read timeout=10)
Request error: HTTPSConnectionPool(host='asia.api.riotgames.com', port=443): Read timed out. (read timeout=10)
Request error: HTTPSConnectionPool(host='asia.api.riotgames.com', port=443): Read timed out.
Request error: HTTPSConnectionPool(host='asia.api.riotgames.com', port=443): Read timed out. (read timeout=10)
Request error: HTTPSConnectionPool(host='asia.api.riotgames.com', port=443): Read timed out. (read timeout=10)
Request error: HTTPSConnectionPool(host='asia.api.riotgames.com', port=443): Read timed out.
Request error: HTTPSConnectionPool(host='asia.api.riotgames.com', port=443): Read timed out.
Request error: HTTPSConnectionPool(host='asia.api.riotgames.com', port=443): Read timed out.
Max retries exceeded for https://asia.api.riotgames.com/lol/match/v5/matches/KR_8304198649/timeline
Skipping KR_8304198649 — timeline fetch failed
Request error: HTTPSConnectionPool(host='asia.api.riotgames.com', port=443): Read timed out. (read timeout=10)
Request error: HTTPSConnectionPool(host='asia.api.riotgames.com', port=443): Read timed out.
Request error: HTTPSConnectionPool(host='asia.api.riotgames.com', port=443): Read timed out.
Request error: HTTPSConnectionPool(host='asia.api.riotgames.com', port=443): Read timed out.
Request error: HTTPSConnectionPool(host='asia.api.riotgames.com', port=443): Read timed out.
Request error: HTTPSConnectionPool(host='asia.api.riotgames.com', port=443): Read timed out. (read timeout=10)
Request error: HTTPSConnectionPool(host='asia.api.riotgames.com', port=443): Read timed out.
Request error: HTTPSConnectionPool(host='asia.api.riotgames.com', port=443): Read timed out.
Max retries exceeded for https://asia.api.riotgames.com/lol/match/v5/matches/KR_8304044466/timeline
Skipping KR_8304044466 — timeline fetch failed
Request error: HTTPSConnectionPool(host='asia.api.riotgames.com', port=443): Read timed out.
Request error: HTTPSConnectionPool(host='asia.api.riotgames.com', port=443): Read timed out.
Request error: HTTPSConnectionPool(host='asia.api.riotgames.com', port=443): Read timed out. (read timeout=10)
Request error: HTTPSConnectionPool(host='asia.api.riotgames.com', port=443): Read timed out.
Request error: HTTPSConnectionPool(host='asia.api.riotgames.com', port=443): Read timed out.
Max retries exceeded for https://asia.api.riotgames.com/lol/match/v5/matches/KR_8303862392/timeline
Skipping KR_8303862392 — timeline fetch failed
Request error: HTTPSConnectionPool(host='asia.api.riotgames.com', port=443): Read timed out.
Request error: HTTPSConnectionPool(host='asia.api.riotgames.com', port=443): Read timed out. (read timeout=10)
Request error: HTTPSConnectionPool(host='asia.api.riotgames.com', port=443): Read timed out.
Request error: HTTPSConnectionPool(host='asia.api.riotgames.com', port=443): Read timed out. (read timeout=10)
Request error: HTTPSConnectionPool(host='asia.api.riotgames.com', port=443): Read timed out.
Request error: HTTPSConnectionPool(host='asia.api.riotgames.com', port=443): Read timed out.
Request error: HTTPSConnectionPool(host='asia.api.riotgames.com', port=443): Read timed out.
Request error: HTTPSConnectionPool(host='asia.api.riotgames.com', port=443): Read timed out.
Request error: HTTPSConnectionPool(host='asia.api.riotgames.com', port=443): Read timed out.
Request error: HTTPSConnectionPool(host='asia.api.riotgames.com', port=443): Read timed out. (read timeout=10)
Request error: HTTPSConnectionPool(host='asia.api.riotgames.com', port=443): Read timed out.
Request error: HTTPSConnectionPool(host='asia.api.riotgames.com', port=443): Read timed out. (read timeout=10)
Max retries exceeded for https://asia.api.riotgames.com/lol/match/v5/matches/KR_8300899858/timeline
Skipping KR_8300899858 — timeline fetch failed
Request error: HTTPSConnectionPool(host='asia.api.riotgames.com', port=443): Read timed out.
Request error: HTTPSConnectionPool(host='asia.api.riotgames.com', port=443): Read timed out.
Request error: HTTPSConnectionPool(host='asia.api.riotgames.com', port=443): Read timed out.
Request error: HTTPSConnectionPool(host='asia.api.riotgames.com', port=443): Read timed out. (read timeout=10)
Request error: HTTPSConnectionPool(host='asia.api.riotgames.com', port=443): Read timed out. (read timeout=10)
Request error: HTTPSConnectionPool(host='asia.api.riotgames.com', port=443): Read timed out. (read timeout=10)
Request error: HTTPSConnectionPool(host='asia.api.riotgames.com', port=443): Read timed out.
Request error: HTTPSConnectionPool(host='asia.api.riotgames.com', port=443): Read timed out.
Request error: HTTPSConnectionPool(host='asia.api.riotgames.com', port=443): Read timed out.
Request error: HTTPSConnectionPool(host='asia.api.riotgames.com', port=443): Read timed out. (read timeout=10)
Request error: HTTPSConnectionPool(host='asia.api.riotgames.com', port=443): Read timed out. (read timeout=10)
Request error: HTTPSConnectionPool(host='asia.api.riotgames.com', port=443): Read timed out. (read timeout=10)
Request error: HTTPSConnectionPool(host='asia.api.riotgames.com', port=443): Read timed out. (read timeout=10)
Request error: HTTPSConnectionPool(host='asia.api.riotgames.com', port=443): Read timed out.
Request error: HTTPSConnectionPool(host='asia.api.riotgames.com', port=443): Read timed out.
Request error: HTTPSConnectionPool(host='asia.api.riotgames.com', port=443): Read timed out. (read timeout=10)
Request error: HTTPSConnectionPool(host='asia.api.riotgames.com', port=443): Read timed out.
Request error: HTTPSConnectionPool(host='asia.api.riotgames.com', port=443): Read timed out.
Request error: HTTPSConnectionPool(host='asia.api.riotgames.com', port=443): Read timed out.
Request error: HTTPSConnectionPool(host='asia.api.riotgames.com', port=443): Read timed out. (read timeout=10)
Max retries exceeded for https://asia.api.riotgames.com/lol/match/v5/matches/KR_8292071427/timeline
Skipping KR_8292071427 — timeline fetch failed
Request error: HTTPSConnectionPool(host='asia.api.riotgames.com', port=443): Read timed out. (read timeout=10)
Request error: HTTPSConnectionPool(host='asia.api.riotgames.com', port=443): Read timed out. (read timeout=10)
Request error: HTTPSConnectionPool(host='asia.api.riotgames.com', port=443): Read timed out.
Request error: HTTPSConnectionPool(host='asia.api.riotgames.com', port=443): Read timed out. (read timeout=10)
Request error: HTTPSConnectionPool(host='asia.api.riotgames.com', port=443): Read timed out.
Request error: HTTPSConnectionPool(host='asia.api.riotgames.com', port=443): Read timed out.
Request error: HTTPSConnectionPool(host='asia.api.riotgames.com', port=443): Read timed out.
Request error: HTTPSConnectionPool(host='asia.api.riotgames.com', port=443): Read timed out.
Request error: HTTPSConnectionPool(host='asia.api.riotgames.com', port=443): Read timed out.
Max retries exceeded for https://asia.api.riotgames.com/lol/match/v5/matches/KR_8291974942/timeline
Skipping KR_8291974942 — timeline fetch failed
Request error: HTTPSConnectionPool(host='asia.api.riotgames.com', port=443): Read timed out. (read timeout=10)
Request error: HTTPSConnectionPool(host='asia.api.riotgames.com', port=443): Read timed out. (read timeout=10)
Request error: HTTPSConnectionPool(host='asia.api.riotgames.com', port=443): Read timed out. (read timeout=10)
Request error: HTTPSConnectionPool(host='asia.api.riotgames.com', port=443): Read timed out. (read timeout=10)
Request error: HTTPSConnectionPool(host='asia.api.riotgames.com', port=443): Read timed out. (read timeout=10)
Request error: HTTPSConnectionPool(host='asia.api.riotgames.com', port=443): Read timed out. (read timeout=10)
Request error: HTTPSConnectionPool(host='asia.api.riotgames.com', port=443): Read timed out. (read timeout=10)
Request error: HTTPSConnectionPool(host='asia.api.riotgames.com', port=443): Read timed out. (read timeout=10)
Request error: HTTPSConnectionPool(host='asia.api.riotgames.com', port=443): Read timed out. (read timeout=10)
Request error: HTTPSConnectionPool(host='asia.api.riotgames.com', port=443): Read timed out.
Request error: HTTPSConnectionPool(host='asia.api.riotgames.com', port=443): Read timed out.
Request error: HTTPSConnectionPool(host='asia.api.riotgames.com', port=443): Read timed out. (read timeout=10)
Request error: HTTPSConnectionPool(host='asia.api.riotgames.com', port=443): Read timed out.
Request error: HTTPSConnectionPool(host='asia.api.riotgames.com', port=443): Read timed out.
Request error: HTTPSConnectionPool(host='asia.api.riotgames.com', port=443): Read timed out. (read timeout=10)
Request error: HTTPSConnectionPool(host='asia.api.riotgames.com', port=443): Read timed out.
Max retries exceeded for https://asia.api.riotgames.com/lol/match/v5/matches/KR_8283856885/timeline
Skipping KR_8283856885 — timeline fetch failed
Request error: HTTPSConnectionPool(host='asia.api.riotgames.com', port=443): Read timed out.
Request error: HTTPSConnectionPool(host='asia.api.riotgames.com', port=443): Read timed out.
Request error: HTTPSConnectionPool(host='asia.api.riotgames.com', port=443): Read timed out.
Request error: HTTPSConnectionPool(host='asia.api.riotgames.com', port=443): Read timed out.
Request error: HTTPSConnectionPool(host='asia.api.riotgames.com', port=443): Read timed out.
Max retries exceeded for https://asia.api.riotgames.com/lol/match/v5/matches/KR_8283756502/timeline
Skipping KR_8283756502 — timeline fetch failed
Request error: HTTPSConnectionPool(host='asia.api.riotgames.com', port=443): Read timed out. (read timeout=10)
Request error: HTTPSConnectionPool(host='asia.api.riotgames.com', port=443): Read timed out. (read timeout=10)
Request error: HTTPSConnectionPool(host='asia.api.riotgames.com', port=443): Read timed out. (read timeout=10)
Request error: HTTPSConnectionPool(host='asia.api.riotgames.com', port=443): Read timed out. (read timeout=10)
Request error: HTTPSConnectionPool(host='asia.api.riotgames.com', port=443): Read timed out. (read timeout=10)
Request error: HTTPSConnectionPool(host='asia.api.riotgames.com', port=443): Read timed out.
Request error: HTTPSConnectionPool(host='asia.api.riotgames.com', port=443): Read timed out.
Request error: HTTPSConnectionPool(host='asia.api.riotgames.com', port=443): Read timed out. (read timeout=10)
Request error: HTTPSConnectionPool(host='asia.api.riotgames.com', port=443): Read timed out.
Request error: HTTPSConnectionPool(host='asia.api.riotgames.com', port=443): Read timed out. (read timeout=10)
Request error: HTTPSConnectionPool(host='asia.api.riotgames.com', port=443): Read timed out.
Request error: HTTPSConnectionPool(host='asia.api.riotgames.com', port=443): Read timed out.
Request error: HTTPSConnectionPool(host='asia.api.riotgames.com', port=443): Read timed out.
Max retries exceeded for https://asia.api.riotgames.com/lol/match/v5/matches/KR_8282497217/timeline
Skipping KR_8282497217 — timeline fetch failed
Request error: HTTPSConnectionPool(host='asia.api.riotgames.com', port=443): Read timed out. (read timeout=10)
Request error: HTTPSConnectionPool(host='asia.api.riotgames.com', port=443): Read timed out.
Request error: HTTPSConnectionPool(host='asia.api.riotgames.com', port=443): Read timed out.
Request error: HTTPSConnectionPool(host='asia.api.riotgames.com', port=443): Read timed out.
Request error: HTTPSConnectionPool(host='asia.api.riotgames.com', port=443): Read timed out. (read timeout=10)
Request error: HTTPSConnectionPool(host='asia.api.riotgames.com', port=443): Read timed out. (read timeout=10)
Request error: HTTPSConnectionPool(host='asia.api.riotgames.com', port=443): Read timed out. (read timeout=10)
Request error: HTTPSConnectionPool(host='asia.api.riotgames.com', port=443): Read timed out.
Request error: HTTPSConnectionPool(host='asia.api.riotgames.com', port=443): Read timed out. (read timeout=10)
Max retries exceeded for https://asia.api.riotgames.com/lol/match/v5/matches/KR_8281374216/timeline
Skipping KR_8281374216 — timeline fetch failed
Request error: HTTPSConnectionPool(host='asia.api.riotgames.com', port=443): Read timed out. (read timeout=10)
Request error: HTTPSConnectionPool(host='asia.api.riotgames.com', port=443): Read timed out.
Request error: HTTPSConnectionPool(host='asia.api.riotgames.com', port=443): Read timed out.
Request error: HTTPSConnectionPool(host='asia.api.riotgames.com', port=443): Read timed out.
Request error: HTTPSConnectionPool(host='asia.api.riotgames.com', port=443): Read timed out. (read timeout=10)
Request error: HTTPSConnectionPool(host='asia.api.riotgames.com', port=443): Read timed out.
Request error: HTTPSConnectionPool(host='asia.api.riotgames.com', port=443): Read timed out. (read timeout=10)
Max retries exceeded for https://asia.api.riotgames.com/lol/match/v5/matches/KR_8281317051/timeline
Skipping KR_8281317051 — timeline fetch failed
Request error: HTTPSConnectionPool(host='asia.api.riotgames.com', port=443): Read timed out. (read timeout=10)
Request error: HTTPSConnectionPool(host='asia.api.riotgames.com', port=443): Read timed out.
Request error: HTTPSConnectionPool(host='asia.api.riotgames.com', port=443): Read timed out. (read timeout=10)
Request error: HTTPSConnectionPool(host='asia.api.riotgames.com', port=443): Read timed out.
Request error: HTTPSConnectionPool(host='asia.api.riotgames.com', port=443): Read timed out.
Max retries exceeded for https://asia.api.riotgames.com/lol/match/v5/matches/KR_8281251355/timeline
Skipping KR_8281251355 — timeline fetch failed
Request error: HTTPSConnectionPool(host='asia.api.riotgames.com', port=443): Read timed out. (read timeout=10)
Request error: HTTPSConnectionPool(host='asia.api.riotgames.com', port=443): Read timed out.
Request error: HTTPSConnectionPool(host='asia.api.riotgames.com', port=443): Read timed out.
Request error: HTTPSConnectionPool(host='asia.api.riotgames.com', port=443): Read timed out. (read timeout=10)
Request error: HTTPSConnectionPool(host='asia.api.riotgames.com', port=443): Read timed out.
Max retries exceeded for https://asia.api.riotgames.com/lol/match/v5/matches/KR_8304038052/timeline
Skipping KR_8304038052 — timeline fetch failed
Request error: HTTPSConnectionPool(host='asia.api.riotgames.com', port=443): Read timed out.
Request error: HTTPSConnectionPool(host='asia.api.riotgames.com', port=443): Read timed out.
Request error: HTTPSConnectionPool(host='asia.api.riotgames.com', port=443): Read timed out.
Request error: HTTPSConnectionPool(host='asia.api.riotgames.com', port=443): Read timed out. (read timeout=10)
Request error: HTTPSConnectionPool(host='asia.api.riotgames.com', port=443): Read timed out.
Request error: HTTPSConnectionPool(host='asia.api.riotgames.com', port=443): Read timed out. (read timeout=10)
Request error: HTTPSConnectionPool(host='asia.api.riotgames.com', port=443): Read timed out.
Max retries exceeded for https://asia.api.riotgames.com/lol/match/v5/matches/KR_8303693002/timeline
Skipping KR_8303693002 — timeline fetch failed
Request error: HTTPSConnectionPool(host='asia.api.riotgames.com', port=443): Read timed out. (read timeout=10)
Request error: HTTPSConnectionPool(host='asia.api.riotgames.com', port=443): Read timed out. (read timeout=10)
Request error: HTTPSConnectionPool(host='asia.api.riotgames.com', port=443): Read timed out. (read timeout=10)
Request error: HTTPSConnectionPool(host='asia.api.riotgames.com', port=443): Read timed out.
Request error: HTTPSConnectionPool(host='asia.api.riotgames.com', port=443): Read timed out.
Request error: HTTPSConnectionPool(host='asia.api.riotgames.com', port=443): Read timed out.
Request error: HTTPSConnectionPool(host='asia.api.riotgames.com', port=443): Read timed out.
Request error: HTTPSConnectionPool(host='asia.api.riotgames.com', port=443): Read timed out. (read timeout=10)
Request error: HTTPSConnectionPool(host='asia.api.riotgames.com', port=443): Read timed out. (read timeout=10)
Request error: HTTPSConnectionPool(host='asia.api.riotgames.com', port=443): Read timed out. (read timeout=10)
Request error: HTTPSConnectionPool(host='asia.api.riotgames.com', port=443): Read timed out.
Request error: HTTPSConnectionPool(host='asia.api.riotgames.com', port=443): Read timed out.
Request error: HTTPSConnectionPool(host='asia.api.riotgames.com', port=443): Read timed out. (read timeout=10)
Request error: HTTPSConnectionPool(host='asia.api.riotgames.com', port=443): Read timed out.
Request error: HTTPSConnectionPool(host='asia.api.riotgames.com', port=443): Read timed out. (read timeout=10)
Request error: HTTPSConnectionPool(host='asia.api.riotgames.com', port=443): Read timed out.
Request error: HTTPSConnectionPool(host='asia.api.riotgames.com', port=443): Read timed out.
Request error: HTTPSConnectionPool(host='asia.api.riotgames.com', port=443): Read timed out. (read timeout=10)
Max retries exceeded for https://asia.api.riotgames.com/lol/match/v5/matches/KR_8303342420/timeline
Skipping KR_8303342420 — timeline fetch failed
Request error: HTTPSConnectionPool(host='asia.api.riotgames.com', port=443): Read timed out. (read timeout=10)
Request error: HTTPSConnectionPool(host='asia.api.riotgames.com', port=443): Read timed out.
Request error: HTTPSConnectionPool(host='asia.api.riotgames.com', port=443): Read timed out.
Request error: HTTPSConnectionPool(host='asia.api.riotgames.com', port=443): Read timed out. (read timeout=10)
Request error: HTTPSConnectionPool(host='asia.api.riotgames.com', port=443): Read timed out. (read timeout=10)
Max retries exceeded for https://asia.api.riotgames.com/lol/match/v5/matches/KR_8303001238/timeline
Skipping KR_8303001238 — timeline fetch failed
Request error: HTTPSConnectionPool(host='asia.api.riotgames.com', port=443): Read timed out.
Request error: HTTPSConnectionPool(host='asia.api.riotgames.com', port=443): Read timed out.
Request error: HTTPSConnectionPool(host='asia.api.riotgames.com', port=443): Read timed out.
Request error: HTTPSConnectionPool(host='asia.api.riotgames.com', port=443): Read timed out.
Request error: HTTPSConnectionPool(host='asia.api.riotgames.com', port=443): Read timed out.
Max retries exceeded for https://asia.api.riotgames.com/lol/match/v5/matches/KR_8302909181/timeline
Skipping KR_8302909181 — timeline fetch failed
Request error: HTTPSConnectionPool(host='asia.api.riotgames.com', port=443): Read timed out. (read timeout=10)
Request error: HTTPSConnectionPool(host='asia.api.riotgames.com', port=443): Read timed out. (read timeout=10)
Request error: HTTPSConnectionPool(host='asia.api.riotgames.com', port=443): Read timed out. (read timeout=10)
Request error: HTTPSConnectionPool(host='asia.api.riotgames.com', port=443): Read timed out. (read timeout=10)
Request error: HTTPSConnectionPool(host='asia.api.riotgames.com', port=443): Read timed out. (read timeout=10)
Request error: HTTPSConnectionPool(host='asia.api.riotgames.com', port=443): Read timed out.
Request error: HTTPSConnectionPool(host='asia.api.riotgames.com', port=443): Read timed out.
Request error: HTTPSConnectionPool(host='asia.api.riotgames.com', port=443): Read timed out.
Request error: HTTPSConnectionPool(host='asia.api.riotgames.com', port=443): Read timed out.
Request error: HTTPSConnectionPool(host='asia.api.riotgames.com', port=443): Read timed out. (read timeout=10)
Request error: HTTPSConnectionPool(host='asia.api.riotgames.com', port=443): Read timed out.
Request error: HTTPSConnectionPool(host='asia.api.riotgames.com', port=443): Read timed out. (read timeout=10)
Request error: HTTPSConnectionPool(host='asia.api.riotgames.com', port=443): Read timed out. (read timeout=10)
Request error: HTTPSConnectionPool(host='asia.api.riotgames.com', port=443): Read timed out.
Request error: HTTPSConnectionPool(host='asia.api.riotgames.com', port=443): Read timed out.
Request error: HTTPSConnectionPool(host='asia.api.riotgames.com', port=443): Read timed out.
Request error: HTTPSConnectionPool(host='asia.api.riotgames.com', port=443): Read timed out.
Request error: HTTPSConnectionPool(host='asia.api.riotgames.com', port=443): Read timed out.
Request error: HTTPSConnectionPool(host='asia.api.riotgames.com', port=443): Read timed out. (read timeout=10)
Request error: HTTPSConnectionPool(host='asia.api.riotgames.com', port=443): Read timed out.
Request error: HTTPSConnectionPool(host='asia.api.riotgames.com', port=443): Read timed out. (read timeout=10)
Request error: HTTPSConnectionPool(host='asia.api.riotgames.com', port=443): Read timed out.
Max retries exceeded for https://asia.api.riotgames.com/lol/match/v5/matches/KR_8297371605/timeline
Skipping KR_8297371605 — timeline fetch failed
Request error: HTTPSConnectionPool(host='asia.api.riotgames.com', port=443): Read timed out.
Request error: HTTPSConnectionPool(host='asia.api.riotgames.com', port=443): Read timed out. (read timeout=10)
Request error: HTTPSConnectionPool(host='asia.api.riotgames.com', port=443): Read timed out. (read timeout=10)
Request error: HTTPSConnectionPool(host='asia.api.riotgames.com', port=443): Read timed out. (read timeout=10)
Request error: HTTPSConnectionPool(host='asia.api.riotgames.com', port=443): Read timed out. (read timeout=10)
Max retries exceeded for https://asia.api.riotgames.com/lol/match/v5/matches/KR_8297255845
Skipping KR_8297255845 — match detail fetch failed
Request error: HTTPSConnectionPool(host='asia.api.riotgames.com', port=443): Read timed out.
Request error: HTTPSConnectionPool(host='asia.api.riotgames.com', port=443): Read timed out. (read timeout=10)
Request error: HTTPSConnectionPool(host='asia.api.riotgames.com', port=443): Read timed out. (read timeout=10)
Request error: HTTPSConnectionPool(host='asia.api.riotgames.com', port=443): Read timed out. (read timeout=10)
Request error: HTTPSConnectionPool(host='asia.api.riotgames.com', port=443): Read timed out. (read timeout=10)
Request error: HTTPSConnectionPool(host='asia.api.riotgames.com', port=443): Read timed out.
Request error: HTTPSConnectionPool(host='asia.api.riotgames.com', port=443): Read timed out.
Max retries exceeded for https://asia.api.riotgames.com/lol/match/v5/matches/KR_8292171962/timeline
Skipping KR_8292171962 — timeline fetch failed
Request error: HTTPSConnectionPool(host='asia.api.riotgames.com', port=443): Read timed out. (read timeout=10)
Request error: HTTPSConnectionPool(host='asia.api.riotgames.com', port=443): Read timed out.
Request error: HTTPSConnectionPool(host='asia.api.riotgames.com', port=443): Read timed out. (read timeout=10)
Request error: HTTPSConnectionPool(host='asia.api.riotgames.com', port=443): Read timed out.
Request error: HTTPSConnectionPool(host='asia.api.riotgames.com', port=443): Read timed out.
Request error: HTTPSConnectionPool(host='asia.api.riotgames.com', port=443): Read timed out.
Request error: HTTPSConnectionPool(host='asia.api.riotgames.com', port=443): Read timed out.
Request error: HTTPSConnectionPool(host='asia.api.riotgames.com', port=443): Read timed out. (read timeout=10)
Request error: HTTPSConnectionPool(host='asia.api.riotgames.com', port=443): Read timed out.
Request error: HTTPSConnectionPool(host='asia.api.riotgames.com', port=443): Read timed out.
Request error: HTTPSConnectionPool(host='asia.api.riotgames.com', port=443): Read timed out.
Request error: HTTPSConnectionPool(host='asia.api.riotgames.com', port=443): Read timed out. (read timeout=10)
Request error: HTTPSConnectionPool(host='asia.api.riotgames.com', port=443): Read timed out.
Max retries exceeded for https://asia.api.riotgames.com/lol/match/v5/matches/KR_8302218787
Skipping KR_8302218787 — match detail fetch failed
Request error: HTTPSConnectionPool(host='asia.api.riotgames.com', port=443): Read timed out. (read timeout=10)
Request error: HTTPSConnectionPool(host='asia.api.riotgames.com', port=443): Read timed out.
Request error: HTTPSConnectionPool(host='asia.api.riotgames.com', port=443): Read timed out. (read timeout=10)
Request error: HTTPSConnectionPool(host='asia.api.riotgames.com', port=443): Read timed out. (read timeout=10)
Request error: HTTPSConnectionPool(host='asia.api.riotgames.com', port=443): Read timed out. (read timeout=10)
Request error: HTTPSConnectionPool(host='asia.api.riotgames.com', port=443): Read timed out. (read timeout=10)
Request error: HTTPSConnectionPool(host='asia.api.riotgames.com', port=443): Read timed out.
Request error: HTTPSConnectionPool(host='asia.api.riotgames.com', port=443): Read timed out.
Request error: HTTPSConnectionPool(host='asia.api.riotgames.com', port=443): Read timed out.
Request error: HTTPSConnectionPool(host='asia.api.riotgames.com', port=443): Read timed out. (read timeout=10)
Request error: HTTPSConnectionPool(host='asia.api.riotgames.com', port=443): Read timed out.
Request error: HTTPSConnectionPool(host='asia.api.riotgames.com', port=443): Read timed out.
Request error: HTTPSConnectionPool(host='asia.api.riotgames.com', port=443): Read timed out.
Request error: HTTPSConnectionPool(host='asia.api.riotgames.com', port=443): Read timed out.
Request error: HTTPSConnectionPool(host='asia.api.riotgames.com', port=443): Read timed out. (read timeout=10)
Request error: HTTPSConnectionPool(host='asia.api.riotgames.com', port=443): Read timed out.
Request error: HTTPSConnectionPool(host='asia.api.riotgames.com', port=443): Read timed out. (read timeout=10)
Request error: HTTPSConnectionPool(host='asia.api.riotgames.com', port=443): Read timed out.
Request error: HTTPSConnectionPool(host='asia.api.riotgames.com', port=443): Read timed out.
Request error: HTTPSConnectionPool(host='asia.api.riotgames.com', port=443): Read timed out.
Max retries exceeded for https://asia.api.riotgames.com/lol/match/v5/matches/KR_8289266684/timeline
Skipping KR_8289266684 — timeline fetch failed
Request error: HTTPSConnectionPool(host='asia.api.riotgames.com', port=443): Read timed out.
Request error: HTTPSConnectionPool(host='asia.api.riotgames.com', port=443): Read timed out. (read timeout=10)
Request error: HTTPSConnectionPool(host='asia.api.riotgames.com', port=443): Read timed out.
Request error: HTTPSConnectionPool(host='asia.api.riotgames.com', port=443): Read timed out. (read timeout=10)
Request error: HTTPSConnectionPool(host='asia.api.riotgames.com', port=443): Read timed out. (read timeout=10)
Request error: HTTPSConnectionPool(host='asia.api.riotgames.com', port=443): Read timed out.
Request error: HTTPSConnectionPool(host='asia.api.riotgames.com', port=443): Read timed out.
Request error: HTTPSConnectionPool(host='asia.api.riotgames.com', port=443): Read timed out.
Max retries exceeded for https://asia.api.riotgames.com/lol/match/v5/matches/KR_8289162062/timeline
Skipping KR_8289162062 — timeline fetch failed
Skipping KR_8288999048 — FileNotFoundError
Skipping KR_8297371605 — FileNotFoundError
Skipping KR_8283313134 — FileNotFoundError
Skipping KR_8304198649 — FileNotFoundError
Skipping KR_8296810833 — FileNotFoundError
Skipping KR_8293199108 — FileNotFoundError
Skipping KR_8263086572 — FileNotFoundError
Skipping KR_8292704654 — FileNotFoundError
Skipping KR_8303590626 — FileNotFoundError
Skipping KR_8303348273 — FileNotFoundError
Skipping KR_8285478918 — FileNotFoundError
Skipping KR_8293552560 — FileNotFoundError
Skipping KR_8302712180 — FileNotFoundError
Skipping KR_8279299297 — FileNotFoundError
Skipping KR_8299067974 — FileNotFoundError
Skipping KR_8279625929 — FileNotFoundError
Skipping KR_8285190152 — FileNotFoundError
Skipping KR_8289432273 — FileNotFoundError
Skipping KR_8300899858 — FileNotFoundError
Skipping KR_8302278580 — FileNotFoundError
Skipping KR_8303342420 — FileNotFoundError
Skipping KR_8276909982 — FileNotFoundError
Skipping KR_8302648765 — FileNotFoundError
Skipping KR_8304044466 — FileNotFoundError
Skipping KR_8295328716 — FileNotFoundError
Skipping KR_8303883442 — FileNotFoundError
Skipping KR_8285073734 — FileNotFoundError
Skipping KR_8263638480 — FileNotFoundError
Skipping KR_8285352999 — FileNotFoundError
Skipping KR_8281374216 — FileNotFoundError
Skipping KR_8293746407 — FileNotFoundError
Skipping KR_8288530659 — FileNotFoundError
Skipping KR_8292522429 — FileNotFoundError
Skipping KR_8296103512 — FileNotFoundError
Skipping KR_8288450106 — FileNotFoundError
Skipping KR_8289162062 — FileNotFoundError
Skipping KR_8287290257 — FileNotFoundError
Skipping KR_8287136319 — FileNotFoundError
Skipping KR_8274065870 — FileNotFoundError
Skipping KR_8274110124 — FileNotFoundError
Skipping KR_8292587980 — FileNotFoundError
Skipping KR_8303329222 — FileNotFoundError
Skipping KR_8296267385 — FileNotFoundError
Skipping KR_8281317051 — FileNotFoundError
Skipping KR_8286493929 — FileNotFoundError
Skipping KR_8298316326 — FileNotFoundError
Skipping KR_8292340403 — FileNotFoundError
Skipping KR_8292031597 — FileNotFoundError
Skipping KR_8303004404 — FileNotFoundError
Skipping KR_8298983764 — FileNotFoundError
Skipping KR_8290049457 — FileNotFoundError
Skipping KR_8301963672 — FileNotFoundError
Skipping KR_8297486487 — FileNotFoundError
Skipping KR_8267154318 — FileNotFoundError
Skipping KR_8292097396 — FileNotFoundError
Skipping KR_8300042917 — FileNotFoundError
Skipping KR_8275576149 — FileNotFoundError
Skipping KR_8296758333 — FileNotFoundError
Skipping KR_8303371414 — FileNotFoundError
Skipping KR_8304038052 — FileNotFoundError
Skipping KR_8303263649 — FileNotFoundError
Skipping KR_8287909326 — FileNotFoundError
Skipping KR_8282886799 — FileNotFoundError
Skipping KR_8303428762 — FileNotFoundError
Skipping KR_8276309856 — FileNotFoundError
Skipping KR_8296598959 — FileNotFoundError
Skipping KR_8287209045 — FileNotFoundError
Skipping KR_8296840675 — FileNotFoundError
Skipping KR_8290861154 — FileNotFoundError
Skipping KR_8303348051 — FileNotFoundError
Skipping KR_8289150475 — FileNotFoundError
Skipping KR_8263614396 — FileNotFoundError
Skipping KR_8284021537 — FileNotFoundError
Skipping KR_8303862908 — FileNotFoundError
Skipping KR_8302364763 — FileNotFoundError
Skipping KR_8278488485 — FileNotFoundError
Skipping KR_8289087935 — FileNotFoundError
Skipping KR_8299987952 — FileNotFoundError
Skipping KR_8296462395 — FileNotFoundError
Skipping KR_8274028742 — FileNotFoundError
Skipping KR_8303728696 — FileNotFoundError
Skipping KR_8288273390 — FileNotFoundError
Skipping KR_8290985017 — FileNotFoundError
Skipping KR_8281611432 — FileNotFoundError
Skipping KR_8303862392 — FileNotFoundError
Skipping KR_8304001937 — FileNotFoundError
Skipping KR_8302218787 — FileNotFoundError
Skipping KR_8295145644 — FileNotFoundError
Skipping KR_8276817334 — FileNotFoundError
Skipping KR_8288060528 — FileNotFoundError
Skipping KR_8275329526 — FileNotFoundError
Skipping KR_8276875364 — FileNotFoundError
Skipping KR_8297929834 — FileNotFoundError
Skipping KR_8300509458 — FileNotFoundError
Skipping KR_8296625741 — FileNotFoundError
Skipping KR_8283679393 — FileNotFoundError
Skipping KR_8292071427 — FileNotFoundError
Skipping KR_8292741798 — FileNotFoundError
Skipping KR_8299154122 — FileNotFoundError
Skipping KR_8302181901 — FileNotFoundError
Skipping KR_8291974942 — FileNotFoundError
Skipping KR_8285725049 — FileNotFoundError
Skipping KR_8297611056 — FileNotFoundError
Skipping KR_8283509710 — FileNotFoundError
Skipping KR_8291120734 — FileNotFoundError
Skipping KR_8297255845 — FileNotFoundError
Skipping KR_8294942719 — FileNotFoundError
Skipping KR_8289708317 — FileNotFoundError
Skipping KR_8290030816 — FileNotFoundError
Skipping KR_8301733195 — FileNotFoundError
Skipping KR_8279490094 — FileNotFoundError
Skipping KR_8300023980 — FileNotFoundError
Skipping KR_8292171962 — FileNotFoundError
Skipping KR_8281251355 — FileNotFoundError
Skipping KR_8302654777 — FileNotFoundError
Skipping KR_8282497217 — FileNotFoundError
Skipping KR_8294240872 — FileNotFoundError
Skipping KR_8289266684 — FileNotFoundError
Skipping KR_8269249907 — FileNotFoundError
Skipping KR_8298252728 — FileNotFoundError
Skipping KR_8300695126 — FileNotFoundError
Skipping KR_8295254085 — FileNotFoundError
Skipping KR_8295881775 — FileNotFoundError
Skipping KR_8297613701 — FileNotFoundError
Skipping KR_8295106502 — FileNotFoundError
Skipping KR_8292017969 — FileNotFoundError
Skipping KR_8303446020 — FileNotFoundError
Skipping KR_8300496892 — FileNotFoundError
Skipping KR_8284571027 — FileNotFoundError
Skipping KR_8303478176 — FileNotFoundError
Skipping KR_8303001238 — FileNotFoundError
Skipping KR_8283856885 — FileNotFoundError
Skipping KR_8303693002 — FileNotFoundError
Skipping KR_8302909181 — FileNotFoundError
Skipping KR_8296685731 — FileNotFoundError
Skipping KR_8279018741 — FileNotFoundError
Skipping KR_8283249514 — FileNotFoundError
Skipping KR_8283756502 — FileNotFoundError
Skipping KR_8291291789 — FileNotFoundError
Manifest built: 4861 matches
